cluster,M109,UA15,tag,COG,NCBI,JCVI,KEGG
700,1,0,GALLO_0052|SAG0060|SDEG_0070|SEQ_0057|SGO_1983|smi_1903|SMU10_08207|SMU101_02565|SMU102_07992|SMU103_06961|SMU104_02713|SMU105_04827|SMU107_00458|SMU108_05749|SMU109_09518|SMU20_00770|SMU21_06071|SMU22_03896|SMU26_02098|SMU29_02991|SMU3_02281|SMU33_00135|SMU36_02144|SMU40_06184|SMU41_09079|SMU44_07917|SMU50_09298|SMU52_00795|SMU53_02275|SMU54_01767|SMU56_08404|SMU57_04600|SMU58_04205|SMU60_03671|SMU61_07440|SMU62_01854|SMU63_06261|SMU66_08471|SMU68_08754|SMU69_00135|SMU70_03640|SMU72_05355|SMU74_06193|SMU75_03895|SMU76_00555|SMU77_07836|SMU78_03729|SMU80_00160|SMU81_02747|SMU82_04608|SMU83_05288|SMU85_03840|SMU86_01450|SMU88_03083|SMU89_07956|SMU9_02894|SMU92_04981|SMU93_06114|SMU94_03392|SMU95_01085|SMU97_03069|SMU98_00425|SMU99_02081|SmuNN2025_1761|SP_0211|SPy_0051|SRA_01764|SSA_0109|SSUSC84_0068|stu1932|SUB0070|SZO_00520,J|COG0089J|Ribosomal_protein_L23,rplW|50S_ribosomal_protein_L23|ribosomal_protein_L23,Protein_synthesis|Ribosomal_proteins:_synthesis_and_modification|ribosomal_protein_L23,K02892|03010|large_subunit_ribosomal_protein_L23
701,1,0,GALLO_0053|SAG0061|SDEG_0071|SEQ_0058|SGO_1982|smi_1902|SMU10_08202|SMU101_02560|SMU102_07987|SMU103_06966|SMU104_02718|SMU105_04822|SMU107_00463|SMU108_05754|SMU109_09523|SMU20_00775|SMU21_06066|SMU22_03901|SMU26_02103|SMU29_02996|SMU3_02286|SMU33_00130|SMU36_02139|SMU40_06179|SMU41_09074|SMU44_07922|SMU50_09293|SMU52_00800|SMU53_02280|SMU54_01772|SMU56_08409|SMU57_04595|SMU58_04210|SMU60_03676|SMU61_07435|SMU62_01849|SMU63_06266|SMU66_08476|SMU68_08749|SMU69_00130|SMU70_03645|SMU72_05360|SMU74_06188|SMU75_03900|SMU76_00550|SMU77_07831|SMU78_03734|SMU80_00165|SMU81_02752|SMU82_04613|SMU83_05293|SMU85_03845|SMU86_01455|SMU88_03078|SMU89_07961|SMU9_02889|SMU92_04976|SMU93_06109|SMU94_03397|SMU95_01080|SMU97_03074|SMU98_00430|SMU99_02076|SmuNN2025_1760|SP_0212|SPy_0052|SRA_01759|SSA_0110|SSUSC84_0069|stu1931|SUB0071|SZO_00530,J|COG0090J|Ribosomal_protein_L2,rlbB|rplB|50S_ribosomal_protein_L2|ribosomal_protein_L2,Protein_synthesis|Ribosomal_proteins:_synthesis_and_modification|ribosomal_protein_L2,K02886|03010|large_subunit_ribosomal_protein_L2
939,1,0,GALLO_2211|SAG2110|SDEG_2102|SEQ_2177|SGO_2066|smi_0105|SMU10_00907|SMU101_02935|SMU102_01996|SMU103_01934|SMU104_04492|SMU105_01295|SMU107_03361|SMU108_05364|SMU109_09159|SMU20_06111|SMU21_02356|SMU22_08043|SMU26_00827|SMU29_02056|SMU3_03524|SMU33_04288|SMU36_00465|SMU40_07289|SMU41_00975|SMU44_00535|SMU50_05638|SMU52_00425|SMU53_00035|SMU54_04598|SMU56_02404|SMU57_04155|SMU58_05159|SMU60_01167|SMU61_09259|SMU62_02688|SMU63_01710|SMU66_03422|SMU68_01276|SMU69_07055|SMU70_08548|SMU72_07559|SMU74_03943|SMU75_01057|SMU76_00925|SMU77_07941|SMU78_06426|SMU80_00357|SMU81_04497|SMU82_00520|SMU83_07053|SMU85_06952|SMU86_05928|SMU88_05742|SMU89_02187|SMU9_03184|SMU92_08433|SMU93_08143|SMU94_06873|SMU95_00710|SMU97_05143|SMU98_00060|SMU99_03962|SP_2135|SPy_2160|SRA_09206|SSUSC84_0246|stu1975|SUB1796|SZO_18860,J|COG0267J|Ribosomal_protein_L33,rpmG|rpmGA|50S_ribosomal_protein_L33|Ribosomal_protein_L33,Protein_synthesis|Ribosomal_proteins:_synthesis_and_modification|ribosomal_protein_L33,K02913|03010|large_subunit_ribosomal_protein_L33
1049,1,0,GALLO_2102|SAG0397|SDEG_1997|SEQ_0263|SMU10_05455|SMU101_06387|SMU102_04625|SMU103_06361|SMU104_05662|SMU105_01645|SMU107_06559|SMU108_03186|SMU109_04809|SMU20_00265|SMU21_06760|SMU22_04422|SMU26_00165|SMU29_04654|SMU3_00115|SMU33_05073|SMU36_06285|SMU40_02128|SMU41_03524|SMU44_02356|SMU50_04378|SMU52_01379|SMU53_00570|SMU54_04948|SMU56_05243|SMU57_01322|SMU58_06888|SMU60_04240|SMU61_02099|SMU62_06024|SMU63_06850|SMU66_01169|SMU68_05273|SMU69_06422|SMU70_02256|SMU72_08743|SMU74_04438|SMU75_00557|SMU76_04654|SMU77_01897|SMU78_05986|SMU80_05126|SMU81_05413|SMU82_03261|SMU83_00999|SMU85_01454|SMU86_05006|SMU88_06752|SMU89_01072|SMU9_05310|SMU92_07002|SMU93_02279|SMU94_01320|SMU95_02506|SMU97_00744|SMU98_06442|SMU99_04487|SmuNN2025_0661|SP_1428|SPy_0205|SRA_06336|SSA_1540|SUB1710|SZO_01640,S|COG4357S|Uncharacterized_conserved_protein,|CHY_zinc_finger_family_protein|CHY_zinc_finger_protein|zinc_finger_protein,||,||
1053,1,0,GALLO_0131|SAG2065|SDEG_2032|SEQ_0228|smi_0236|SMU10_04735|SMU101_01565|SMU102_08502|SMU103_00400|SMU104_03012|SMU105_09564|SMU107_07069|SMU108_03728|SMU109_03565|SMU20_05701|SMU21_01260|SMU22_01922|SMU26_04272|SMU29_06741|SMU3_00430|SMU33_02697|SMU36_05250|SMU40_01347|SMU41_03939|SMU44_01781|SMU50_03838|SMU52_00974|SMU53_06541|SMU54_07362|SMU56_04326|SMU57_06458|SMU58_06533|SMU60_08260|SMU61_01657|SMU62_08593|SMU63_00390|SMU66_06414|SMU68_01051|SMU69_08639|SMU70_06981|SMU72_07394|SMU74_02253|SMU75_06699|SMU76_06304|SMU77_08937|SMU78_06501|SMU80_03452|SMU81_07675|SMU82_05949|SMU83_07678|SMU85_05641|SMU86_03626|SMU88_06317|SMU89_02447|SMU9_06697|SMU92_03204|SMU93_02584|SMU94_08245|SMU95_00515|SMU97_05390|SMU98_05267|SMU99_06601|SP_2009|SRA_01412|SSUSC84_1798|stu0213|SUB1732A|SZO_01390,J|COG0267J|Ribosomal_protein_L33,|rpmG|rpmGB|50S_ribosomal_protein_L33|ribosomal_protein_L33,||,K02913|03010|large_subunit_ribosomal_protein_L33
1139,1,0,GALLO_0767|SAG0829|SDEG_1374|SGO_0902|smi_0914|SMU10_06552|SMU101_04922|SMU102_07215|SMU103_06126|SMU105_07962|SMU107_01739|SMU108_00350|SMU109_05644|SMU20_07583|SMU21_04761|SMU22_08782|SMU26_01576|SMU29_02126|SMU3_02801|SMU33_07822|SMU36_00180|SMU40_07366|SMU41_09279|SMU44_06095|SMU50_01371|SMU52_03003|SMU53_07659|SMU54_01210|SMU56_07124|SMU57_02219|SMU58_03850|SMU60_04740|SMU61_07675|SMU62_07163|SMU63_01310|SMU66_05244|SMU68_02523|SMU69_01387|SMU70_04926|SMU72_05530|SMU74_02458|SMU75_01236|SMU76_08313|SMU77_02152|SMU78_00375|SMU80_00782|SMU81_01795|SMU82_06889|SMU83_01734|SMU85_00259|SMU86_07840|SMU88_05522|SMU89_02242|SMU9_05020|SMU92_08748|SMU93_04222|SMU94_05746|SMU95_03836|SMU97_03411|SMU98_01513|SMU99_07313|SmuNN2025_0529|SP_0866|SPy_1363|SRA_07006|SSA_0998,||,|,||,||
1325,1,0,SMU102_01024|SMU102_01029|SMU102_01034|SMU104_07985|SMU104_08010|SMU104_08015|SMU104_08020|SMU109_01307|SMU109_01312|SMU109_01317|SMU20_02189|SMU21_03096|SMU26_09929|SMU29_04374|SMU29_04379|SMU33_02173|SMU40_04657|SMU41_06112|SMU50_02248|SMU50_02253|SMU50_02258|SMU52_05614|SMU53_06294|SMU54_06958|SMU56_02182|SMU56_02207|SMU57_09388|SMU61_03084|SMU61_03109|SMU62_04400|SMU63_03363|SMU66_01024|SMU69_08099|SMU70_07026|SMU72_00860|SMU74_05818|SMU75_01636|SMU77_05850|SMU77_06454|SMU77_06459|SMU77_06464|SMU78_01580|SMU80_01723|SMU81_03895|SMU81_03900|SMU81_03905|SMU81_03930|SMU82_08720|SMU83_09662|SMU86_06896|SMU88_02776|SMU88_02781|SMU9_01470|SMU9_07262|SMU92_09400|SMU93_05059|SMU93_05064|SMU94_08622|SMU95_05137|SMU97_08177|SMU99_09742|SRA_01904|SRA_03681,|S||COG3600S||Uncharacterized_phage-associated_protein,|CopG_domain_protein_DNA-binding_domain_protein|prophage_ps3_protein_01__putative|putative_phage-associated_protein,||,||
1432,1,0,GALLO_2056|SDEG_1310|SGO_0053|SMU101_03788|SMU102_00729|SMU103_04376|SMU104_02272|SMU107_00682|SMU108_06701|SMU109_02443|SMU20_01754|SMU21_00545|SMU22_00810|SMU26_02545|SMU29_00355|SMU3_02501|SMU33_01903|SMU36_02469|SMU40_01662|SMU41_04701|SMU44_01225|SMU50_04828|SMU52_02039|SMU53_05531|SMU54_03812|SMU56_00932|SMU57_07313|SMU58_08430|SMU60_05517|SMU61_02509|SMU62_05704|SMU63_01020|SMU66_06949|SMU68_00585|SMU69_07390|SMU70_04369|SMU72_02743|SMU74_03017|SMU75_03320|SMU76_07033|SMU77_04215|SMU78_03174|SMU80_07964|SMU81_06273|SMU82_02621|SMU83_02004|SMU85_03000|SMU86_00740|SMU88_04377|SMU89_04045|SMU9_00630|SMU93_09043|SMU95_05047|SMU97_01414|SMU99_04267|SP_2177|SRA_03901|SSA_2335|stu0760|SUB1150,||,|dltX|component_involved_in_D-alanylation_of_teichoic_acids__putative|D-Ala-teichoic_acid_biosynthesis_protein__putative|membrane_protein,||conserved_hypothetical_protein,||
1459,1,0,SGO_0898|SMU10_03091|SMU101_07389|SMU102_04355|SMU103_05301|SMU104_00575|SMU105_01255|SMU107_08950|SMU108_00442|SMU109_01369|SMU20_06821|SMU21_03890|SMU22_05872|SMU26_02995|SMU29_07824|SMU3_06469|SMU33_04863|SMU36_04511|SMU40_05169|SMU41_06402|SMU44_07697|SMU50_07581|SMU52_06831|SMU53_04736|SMU54_06373|SMU56_04726|SMU57_02568|SMU58_02791|SMU60_08465|SMU61_04975|SMU62_00875|SMU63_02027|SMU66_02767|SMU68_09214|SMU69_05507|SMU70_06801|SMU72_04485|SMU74_02088|SMU75_06104|SMU76_01363|SMU77_00905|SMU78_01590|SMU80_04321|SMU81_02272|SMU82_07371|SMU83_00347|SMU85_07739|SMU86_09625|SMU88_05357|SMU89_07676|SMU9_02032|SMU92_06652|SMU93_01720|SMU94_05576|SMU95_03396|SMU97_04166|SMU98_00859|SMU99_06231|SmuNN2025_1267|SRA_02856,|K||COG1476K|COG2002K||Predicted_transcriptional_regulators|Regulators_of_stationary/sporulation_gene_expression,|Cro/CI_family_transcriptional_regulator_putative|transcriptional_regulator,||,||
1499,1,0,SMU10_07615|SMU101_09011|SMU102_09368|SMU103_04321|SMU104_00005|SMU105_09265|SMU107_08690|SMU108_05891|SMU109_05824|SMU20_08967|SMU21_00295|SMU22_00560|SMU26_00455|SMU29_07438|SMU3_04131|SMU33_04253|SMU36_02714|SMU40_04192|SMU41_05021|SMU44_06360|SMU50_09631|SMU52_03533|SMU53_08476|SMU54_00650|SMU56_08098|SMU57_05633|SMU58_03590|SMU60_04485|SMU61_08710|SMU62_08728|SMU63_07500|SMU66_03332|SMU68_09656|SMU69_06617|SMU70_06059|SMU72_08688|SMU74_08293|SMU75_08472|SMU76_07983|SMU77_00590|SMU78_09876|SMU80_07709|SMU81_00585|SMU82_06784|SMU83_09532|SMU85_04042|SMU86_07278|SMU88_01085|SMU89_04554|SMU9_09009|SMU92_09215|SMU93_08463|SMU94_08627|SMU95_08897|SMU97_04753|SMU98_03560|SMU99_08942|SmuNN2025_0476|SPy_0191a,||,|,||,||
1523,1,0,SMU10_06120|SMU101_09090|SMU102_05899|SMU103_05251|SMU104_07620|SMU105_00595|SMU107_05155|SMU108_01889|SMU109_07751|SMU20_03613|SMU21_06350|SMU22_07633|SMU26_06018|SMU29_00045|SMU3_07141|SMU33_07917|SMU36_05955|SMU40_05219|SMU41_02361|SMU44_04400|SMU50_02761|SMU52_03423|SMU53_05841|SMU54_06423|SMU56_04781|SMU57_02518|SMU58_07823|SMU60_00510|SMU61_06446|SMU62_04130|SMU63_03478|SMU66_03919|SMU68_06043|SMU69_08499|SMU70_02096|SMU72_03488|SMU74_03518|SMU75_04629|SMU76_02288|SMU77_04685|SMU78_05741|SMU80_09130|SMU81_00045|SMU82_00045|SMU83_03676|SMU85_06622|SMU86_06043|SMU88_01550|SMU89_08742|SMU9_02449|SMU92_01137|SMU93_06618|SMU94_06324|SMU95_02811|SMU97_04433|SMU98_04880|SMU99_01444|SmuNN2025_1254|SRA_02911,||,|,||,||
1550,1,0,SDEG_0065|SDEG_0099|SDEG_0437|SDEG_0685|SDEG_0686|SDEG_0830|SDEG_0946|SDEG_1171|SDEG_2174|SMU102_09301|SMU104_02598|SMU105_08397|SMU107_00353|SMU108_02894|SMU109_01734|SMU20_00655|SMU22_03706|SMU29_02886|SMU36_06000|SMU41_01480|SMU44_05831|SMU50_02533|SMU53_02165|SMU54_01662|SMU57_04720|SMU61_06736|SMU62_02014|SMU63_06156|SMU66_00190|SMU70_00265|SMU70_03535|SMU72_07814|SMU74_06348|SMU75_03780|SMU77_06175|SMU80_07168|SMU81_02632|SMU82_04453|SMU83_06784|SMU86_01345|SMU89_08503|SMU94_03287|SMU94_09481|SMU95_01240|SMU97_06071|SMU98_01308|SMU98_09605|SMU99_02236|SP_0915|SSUSC84_0527|stu0046|stu0223|stu0266|stu0726|stu0971|stu1792|stu1985|stu2017,|L||COG2826L||Transposase_and_inactivated_derivatives__IS30_family,|tnp1239|IS1239_transposase|IS1239__putative_truncated_transposase|putative_transposase|transposase|transposase_IS1239|truncated_IS1239_transposase|truncated_transposase,Mobile_and_extrachromosomal_element_functions|Transposon_functions|transposase,K07482||transposase__IS30_family
1555,1,0,SGO_1348|smi_1048|SMU10_05570|SMU101_06272|SMU102_09034|SMU103_06471|SMU104_05547|SMU105_01760|SMU107_06439|SMU108_03071|SMU109_04919|SMU20_00150|SMU21_06870|SMU22_04532|SMU26_00280|SMU29_04764|SMU3_00230|SMU33_05188|SMU36_06175|SMU40_02008|SMU41_03634|SMU44_02471|SMU50_04268|SMU52_01269|SMU53_00455|SMU54_05063|SMU56_05353|SMU57_01212|SMU58_06773|SMU60_04355|SMU61_02209|SMU63_06735|SMU66_01279|SMU68_05388|SMU69_06312|SMU72_08853|SMU75_00672|SMU76_04769|SMU77_02012|SMU78_06096|SMU80_05231|SMU81_05523|SMU83_01114|SMU85_01344|SMU86_05116|SMU88_06647|SMU89_00962|SMU9_05195|SMU92_06892|SMU93_02389|SMU94_01435|SMU95_02616|SMU97_00639|SMU98_06332|SMU99_04597|SmuNN2025_0640|SSA_1455|SZO_12730,|S||COG4283S||Uncharacterized_conserved_protein,|cytosolic_protein|putative_cytoplasmic_protein,||,||
1584,1,0,GALLO_0396|GALLO_2114|SAG0194|SDEG_0255|SEQ_0122|SGO_0421|smi_0108|SMU104_00830|SMU104_04252|SMU105_04162|SMU107_06259|SMU109_02098|SMU20_02511|SMU20_06426|SMU26_06656|SMU29_00920|SMU29_08309|SMU3_03279|SMU3_05705|SMU33_06365|SMU40_07831|SMU44_04300|SMU53_01080|SMU54_05398|SMU56_01442|SMU57_07198|SMU58_09257|SMU60_08975|SMU61_00410|SMU62_00220|SMU63_04341|SMU63_06066|SMU66_08216|SMU69_01797|SMU72_07012|SMU74_09265|SMU75_02735|SMU75_09035|SMU77_02999|SMU78_04078|SMU82_02111|SMU83_04381|SMU86_04391|SMU86_06541|SMU88_01205|SMU92_05845|SMU93_05559|SMU93_09433|SMU94_00745|SMU95_06279|SmuNN2025_1462|SP_2131|SPy_1952|SRA_00148|SSUSC84_0170|SUB1761|SZO_01090,GT|K|COG1762GT|COG3711K|Phosphotransferase_system_mannitol/fructose-specific_IIA_domain_(Ntr-type)|Transcriptional_antiterminator,|BglG_family_transcriptional_antiterminator|BglG_family_transcriptional_regulator|phosphotransferase_system_mannitol/fructose-specific_IIA_domain-containing_protein|PTS_multi-domain_regulator|PTS_system__mannitol_(cryptic)-specific_IIA_component|putative_PTS_multi-domain_regulator|Putative_PTS_system__EIIA_component|putative_transcriptional_antiterminator__BglG_family|transcriptional_antiterminator|transcriptional_regulator__BglG_family,||,K02821|00053_02060|PTS_system__ascorbate-specific_IIA_component_[EC:2.7.1.69]
1593,1,0,SMU10_02377|SMU101_05647|SMU102_06089|SMU103_05946|SMU104_03467|SMU105_06145|SMU107_01449|SMU108_02059|SMU109_06641|SMU20_04455|SMU21_05671|SMU22_00285|SMU26_03827|SMU29_05499|SMU3_05306|SMU33_03998|SMU36_04051|SMU40_05434|SMU41_01959|SMU44_06750|SMU50_06856|SMU52_06231|SMU53_01805|SMU54_00805|SMU56_06352|SMU57_00882|SMU58_00622|SMU60_00120|SMU61_04240|SMU62_08218|SMU63_04901|SMU66_03117|SMU68_03018|SMU69_03701|SMU70_02706|SMU72_06005|SMU74_01663|SMU75_02520|SMU76_04322|SMU77_02542|SMU78_05119|SMU80_01938|SMU81_05833|SMU82_06224|SMU83_02484|SMU85_01014|SMU86_09170|SMU88_03427|SMU89_06344|SMU9_04645|SMU92_04466|SMU93_01178|SMU94_01760|SMU95_02246|SMU97_00979|SMU98_06697|SMU99_00560,||,|,||,||
1595,1,0,SMU10_07830|SMU101_08799|SMU102_09249|SMU103_04080|SMU104_08409|SMU105_08534|SMU107_02329|SMU108_06981|SMU109_08126|SMU20_08248|SMU21_04522|SMU22_08398|SMU26_01432|SMU29_07568|SMU3_05775|SMU33_03281|SMU36_08233|SMU40_00951|SMU41_05276|SMU44_04965|SMU50_05344|SMU52_07446|SMU53_07969|SMU54_03942|SMU56_05948|SMU57_02264|SMU58_05934|SMU60_09569|SMU61_01737|SMU62_06314|SMU63_09288|SMU66_00185|SMU68_03253|SMU69_05255|SMU70_00260|SMU72_01425|SMU74_02678|SMU75_07503|SMU76_09471|SMU77_08888|SMU78_04353|SMU80_07420|SMU81_04889|SMU82_08041|SMU83_09492|SMU86_02830|SMU88_02507|SMU89_04350|SMU9_01715|SMU92_02094|SMU93_01855|SMU94_07792|SMU95_01779|SMU97_04211|SMU98_09600|SMU99_02575|SmuNN2025_0091,||,|,||,||
1599,1,0,SMU10_06205|SMU101_06914|SMU102_01119|SMU103_01462|SMU104_08100|SMU105_08207|SMU107_06894|SMU108_02419|SMU109_07186|SMU20_02109|SMU21_03191|SMU22_01185|SMU26_07066|SMU29_04459|SMU3_00805|SMU33_01373|SMU36_01719|SMU40_04742|SMU41_04356|SMU50_02168|SMU52_05519|SMU53_02035|SMU54_08836|SMU56_02097|SMU57_06098|SMU58_00165|SMU60_01362|SMU61_02999|SMU62_05232|SMU63_03278|SMU66_00944|SMU68_04261|SMU69_03476|SMU70_05226|SMU72_09276|SMU74_00557|SMU75_07857|SMU76_08613|SMU77_06369|SMU78_08487|SMU80_08780|SMU81_03815|SMU82_09102|SMU83_09077|SMU85_08419|SMU86_10256|SMU88_02861|SMU89_09416|SMU9_08482|SMU92_06187|SMU93_04979|SMU94_08867|SMU95_04702|SMU97_03666|SMU98_06067|SMU99_08080|SRA_10203,K|COG0640K|Predicted_transcriptional_regulators,|ArsR_family_transcriptional_regulator|transcriptional_regulator,||,||
1606,1,0,GALLO_0398|SAG0198|SDEG_0257|SEQ_0124|SGO_0423|smi_0110|SMU104_00840|SMU104_04242|SMU105_04172|SMU107_06269|SMU109_02108|SMU20_02501|SMU20_06416|SMU26_06666|SMU29_00910|SMU29_08299|SMU3_03269|SMU3_05695|SMU33_06375|SMU40_07821|SMU44_04310|SMU53_01090|SMU54_05408|SMU56_01452|SMU57_07208|SMU58_09267|SMU60_08985|SMU61_00420|SMU62_00230|SMU63_04351|SMU63_06076|SMU66_08206|SMU69_01807|SMU72_07022|SMU74_09255|SMU75_02725|SMU75_09025|SMU77_02989|SMU78_04088|SMU82_02121|SMU83_04371|SMU86_04401|SMU86_06551|SMU88_01195|SMU92_05835|SMU93_05549|SMU93_09423|SMU94_00735|SMU95_06289|SmuNN2025_1460|SP_2129|SPy_1949|SRA_00158|SSUSC84_0172|SUB1759|SZO_01110,S|COG3037S|Uncharacterized_protein_conserved_in_bacteria,|ulaA|ascorbate-specific_PTS_system_enzyme_IIC|PTS_system_ascorbate-specific_transporter_subunit_IIC|PTS_system__IIC_component|Putative_PTS_system__ascorbate_family__IIC_component|putative_sugar-specific_permease,||,K03475|00053_02060|02060|PTS_system__ascorbate-specific_IIC_component
1621,1,0,SMU10_05575|SMU102_09039|SMU103_06476|SMU104_05542|SMU105_01765|SMU107_06434|SMU108_03066|SMU109_04924|SMU20_00145|SMU21_06875|SMU22_04537|SMU26_00285|SMU29_04769|SMU3_00235|SMU33_05193|SMU36_06170|SMU40_02003|SMU41_03639|SMU44_02476|SMU50_04263|SMU52_01264|SMU53_00450|SMU54_05068|SMU56_05358|SMU57_01207|SMU58_06768|SMU60_04360|SMU61_02214|SMU62_06139|SMU63_06730|SMU66_01284|SMU68_05393|SMU69_06307|SMU70_02366|SMU72_08858|SMU74_04323|SMU75_00677|SMU76_04774|SMU78_06101|SMU80_05236|SMU81_05528|SMU82_03376|SMU83_01119|SMU85_01339|SMU86_05121|SMU88_06642|SMU89_00957|SMU9_05190|SMU92_06887|SMU93_02394|SMU94_01440|SMU95_02621|SMU97_00634|SMU98_06327|SMU99_04602,||,|,||,||
1625,1,0,SMU10_06230|SMU101_06889|SMU102_01094|SMU103_01487|SMU104_08075|SMU105_08182|SMU107_06919|SMU108_02444|SMU109_07161|SMU20_02134|SMU21_03166|SMU22_01160|SMU26_07091|SMU29_04434|SMU3_00830|SMU33_01348|SMU36_01694|SMU40_04717|SMU41_04331|SMU50_02193|SMU52_05559|SMU53_02010|SMU54_08861|SMU56_02122|SMU57_06123|SMU58_00190|SMU60_01387|SMU61_03024|SMU62_05257|SMU63_03303|SMU66_00969|SMU68_04236|SMU69_03501|SMU70_05201|SMU72_09251|SMU74_00582|SMU75_07832|SMU76_08588|SMU78_08462|SMU80_08755|SMU81_03840|SMU82_09077|SMU83_09047|SMU85_08394|SMU86_10231|SMU88_02836|SMU89_09441|SMU9_08507|SMU92_06212|SMU93_05004|SMU94_08842|SMU95_04727|SMU97_03691|SMU98_06042|SMU99_08105,||,|,||,||
1646,1,0,SMU10_09463|SMU101_09790|SMU102_10108|SMU103_03695|SMU104_09815|SMU107_10087|SMU108_09498|SMU109_09723|SMU20_09611|SMU21_09743|SMU22_09642|SMU26_10267|SMU29_09681|SMU3_09678|SMU33_09492|SMU36_04261|SMU40_09881|SMU41_03779|SMU44_07777|SMU50_00856|SMU52_09739|SMU53_09760|SMU54_00470|SMU56_07568|SMU58_09912|SMU60_09855|SMU61_07960|SMU62_00580|SMU63_09782|SMU66_09145|SMU68_09958|SMU69_04719|SMU70_08603|SMU72_01812|SMU74_08518|SMU75_09589|SMU76_10216|SMU77_09817|SMU78_00120|SMU80_10283|SMU81_08207|SMU82_07259|SMU83_09958|SMU85_03670|SMU88_09801|SMU89_00325|SMU92_03249|SMU93_09837|SMU94_04281|SMU95_04078|SMU97_09589|SMU98_09812|SMU99_10012,|L||COG2963L||Transposase_and_inactivated_derivatives,|transposase,||,||
1651,1,0,SMU10_03096|SMU101_07384|SMU102_04350|SMU104_00570|SMU105_01260|SMU107_08945|SMU108_00437|SMU109_01364|SMU20_06816|SMU21_03895|SMU22_05867|SMU26_02990|SMU29_07819|SMU3_06464|SMU33_04868|SMU36_04516|SMU41_06397|SMU44_07702|SMU50_07576|SMU52_06826|SMU53_04741|SMU54_06378|SMU58_02796|SMU60_08460|SMU61_04970|SMU62_00870|SMU63_02022|SMU66_02762|SMU68_09219|SMU69_05502|SMU70_06806|SMU72_04480|SMU74_02093|SMU75_06109|SMU76_01358|SMU77_00910|SMU78_01585|SMU80_04326|SMU81_02267|SMU82_07366|SMU83_00342|SMU85_07734|SMU86_09630|SMU88_05362|SMU89_07681|SMU9_02037|SMU92_06657|SMU93_01725|SMU94_05581|SMU95_03401|SMU97_04171|SMU98_00854|SMU99_06226,||,|,||,||
1660,1,0,SMU10_07575|SMU101_00560|SMU102_05729|SMU103_05056|SMU104_07840|SMU105_00405|SMU107_05335|SMU108_01709|SMU109_07921|SMU20_03818|SMU21_06535|SMU22_07818|SMU26_05838|SMU29_02451|SMU3_07346|SMU33_04573|SMU36_05765|SMU40_03580|SMU41_02551|SMU44_07245|SMU52_03248|SMU53_05656|SMU56_09638|SMU58_07628|SMU60_00705|SMU61_06256|SMU62_03940|SMU63_03688|SMU66_04109|SMU68_03704|SMU69_08314|SMU70_01906|SMU72_03298|SMU74_03333|SMU75_04419|SMU76_02113|SMU78_05551|SMU80_08955|SMU81_00215|SMU82_00235|SMU83_03856|SMU86_06303|SMU88_01730|SMU89_03778|SMU9_02629|SMU92_01327|SMU93_00608|SMU94_06509|SMU95_02996|SMU97_04258|SMU98_04695|SMU99_01249,|R||COG0596R||Predicted_hydrolases_or_acyltransferases_(alpha/beta_hydrolase_superfamily)_,|,||,||
1670,1,0,SMU10_07160|SMU101_05972|SMU102_03443|SMU104_04272|SMU105_04142|SMU107_06239|SMU108_04474|SMU109_02078|SMU20_02531|SMU21_05276|SMU26_01057|SMU29_00940|SMU3_03299|SMU36_00865|SMU40_07896|SMU44_01691|SMU52_07873|SMU53_01060|SMU54_05378|SMU56_03024|SMU57_01562|SMU58_09237|SMU60_08955|SMU61_00390|SMU62_00200|SMU63_06046|SMU66_01729|SMU68_04541|SMU69_01777|SMU70_03829|SMU72_06992|SMU74_04678|SMU75_02755|SMU76_07728|SMU77_03019|SMU78_04058|SMU80_06433|SMU81_07230|SMU82_02091|SMU83_04401|SMU86_04371|SMU88_01225|SMU89_08463|SMU9_01232|SMU92_05865|SMU93_05579|SMU94_00765|SMU95_06259|SMU97_02497|SMU98_01963|SMU99_03479,||,|,||,||
1671,1,0,SMU10_06385|SMU101_06739|SMU102_07265|SMU104_06442|SMU105_08032|SMU107_01257|SMU108_08126|SMU109_01197|SMU20_02314|SMU21_02981|SMU22_01010|SMU26_05496|SMU29_01170|SMU3_07866|SMU33_02293|SMU40_04572|SMU41_04234|SMU50_03671|SMU52_05729|SMU53_06209|SMU54_06873|SMU56_02322|SMU57_08600|SMU58_00340|SMU60_01537|SMU61_03234|SMU62_04310|SMU63_08042|SMU66_02014|SMU69_02077|SMU72_02117|SMU74_05273|SMU75_01771|SMU76_08433|SMU77_07981|SMU78_08020|SMU80_03969|SMU81_04045|SMU82_08625|SMU83_04781|SMU85_08571|SMU86_09882|SMU88_02661|SMU92_03414|SMU93_01368|SMU94_06183|SMU95_05227|SMU97_08287|SMU98_03875|SMU99_05752|SmuNN2025_0781,||,|,||,||
1674,1,0,SMU10_03306|SMU102_03678|SMU103_07280|SMU104_07235|SMU105_06725|SMU107_05575|SMU108_06146|SMU109_02353|SMU20_06476|SMU21_05511|SMU22_04880|SMU26_01292|SMU29_00665|SMU3_03029|SMU33_03648|SMU36_00905|SMU40_08888|SMU41_03227|SMU44_05311|SMU50_02488|SMU53_08181|SMU54_05823|SMU56_03269|SMU57_01792|SMU58_06503|SMU60_05002|SMU62_00460|SMU63_07080|SMU66_09387|SMU68_04786|SMU70_08143|SMU72_07252|SMU74_02717|SMU75_07418|SMU76_05249|SMU77_07261|SMU80_06203|SMU81_07460|SMU82_02351|SMU83_08468|SMU85_00869|SMU86_02103|SMU89_01947|SMU9_01447|SMU92_05605|SMU93_00013|SMU94_06898|SMU97_02267|SMU98_01718|SMU99_03709,||,|,||,||
1677,1,0,SMU10_05045|SMU101_05367|SMU102_08037|SMU104_00985|SMU105_02985|SMU107_07875|SMU108_02764|SMU109_03980|SMU20_07186|SMU21_00965|SMU26_02345|SMU29_08779|SMU3_04406|SMU33_07222|SMU36_07266|SMU40_06024|SMU50_07311|SMU52_08931|SMU53_08596|SMU54_00585|SMU56_07533|SMU58_05284|SMU60_07518|SMU61_07895|SMU62_04432|SMU63_04531|SMU66_00030|SMU68_07863|SMU69_07170|SMU70_03130|SMU72_06465|SMU74_07389|SMU75_06399|SMU76_07798|SMU77_05690|SMU78_08867|SMU80_09725|SMU81_06158|SMU82_05667|SMU83_00312|SMU88_06942|SMU89_01252|SMU9_05085|SMU92_03591|SMU93_00903|SMU94_08567|SMU95_06034|SMU97_04938|SMU98_08635|SmuNN2025_1117,||,|acetyltransferase,||,||
1690,1,0,SMU10_04421|SMU102_03693|SMU103_09357|SMU104_09774|SMU105_09544|SMU107_10036|SMU109_05219|SMU21_09942|SMU22_09698|SMU26_10075|SMU29_09369|SMU3_09623|SMU33_09861|SMU36_09660|SMU40_09623|SMU44_09054|SMU50_09121|SMU52_09854|SMU53_09826|SMU54_09358|SMU56_01382|SMU60_09967|SMU61_09874|SMU62_09123|SMU63_09567|SMU66_05924|SMU68_10203|SMU69_09801|SMU70_08943|SMU72_09606|SMU74_09582|SMU75_09740|SMU76_10152|SMU78_10037|SMU80_10213|SMU81_09623|SMU82_09626|SMU83_09814|SMU85_09575|SMU86_10117|SMU88_05807|SMU89_09825|SMU9_08387|SMU92_09816|SMU93_09892|SMU94_08397|SMU95_09622|SMU98_09832|SMU99_09934,||,|,||,||
1691,1,0,GALLO_0525|smi_0386|SMU102_03211|SMU103_09290|SMU105_09183|SMU107_09230|SMU108_00415|SMU109_08877|SMU21_09316|SMU22_05340|SMU26_03275|SMU33_02989|SMU36_05088|SMU40_08908|SMU41_02980|SMU44_05214|SMU54_02478|SMU56_06597|SMU57_03778|SMU58_01891|SMU60_09477|SMU61_09202|SMU62_08908|SMU69_06732|SMU70_00429|SMU72_06735|SMU74_00430|SMU76_06776|SMU77_08646|SMU78_09640|SMU80_04371|SMU81_07990|SMU82_04191|SMU85_06260|SMU86_07523|SMU88_08750|SMU89_08136|SMU9_00760|SMU92_09163|SMU94_08335|SMU95_08845|SMU97_05213|SMU98_04970|SMU99_06701|SmuNN2025_0362|SP_0565|SSA_0505|stu0474|stu0475,R|COG1853R|Conserved_protein/domain_typically_associated_with_flavoprotein_oxygenases__DIM6/NTAB_family,|putative_cytosolic_protein,Protein_fate|Degradation_of_proteins__peptides__and_glycopeptides|B._subtilis_YdfE_protein_homolog_lmo1050,||
1693,1,0,SMU10_01172|SMU101_02670|SMU103_06771|SMU104_02593|SMU105_08392|SMU108_02889|SMU20_00650|SMU21_06266|SMU22_03701|SMU26_09117|SMU29_02881|SMU3_05541|SMU33_00250|SMU36_07876|SMU40_06369|SMU41_01475|SMU44_05826|SMU50_02528|SMU52_00690|SMU53_02160|SMU54_01657|SMU57_04725|SMU58_04100|SMU60_03566|SMU61_06741|SMU62_02019|SMU63_06151|SMU66_04964|SMU70_03530|SMU74_06353|SMU75_03775|SMU76_00660|SMU78_03574|SMU80_07173|SMU81_02627|SMU82_04448|SMU83_06779|SMU88_03188|SMU89_07429|SMU9_08001|SMU92_05136|SMU93_06219|SMU94_03282|SMU95_01245|SMU97_06076|SMU98_00320|SMU99_02241|SmuNN2025_1793,K|COG1609K|Transcriptional_regulators,|LacI_family_regulatory_protein,||,||
1698,1,0,SMU10_03832|SMU101_02060|SMU102_02551|SMU103_04631|SMU104_01445|SMU105_00645|SMU107_08220|SMU108_01032|SMU109_01047|SMU21_00825|SMU22_01297|SMU26_07466|SMU29_07101|SMU3_08548|SMU33_03328|SMU40_05679|SMU41_00140|SMU44_04635|SMU52_04123|SMU54_01921|SMU56_08908|SMU58_01394|SMU60_02144|SMU61_01110|SMU62_03038|SMU63_00765|SMU66_05549|SMU68_08269|SMU69_02504|SMU70_07191|SMU72_03908|SMU74_03568|SMU75_05334|SMU76_03540|SMU78_02560|SMU80_04563|SMU81_01445|SMU82_00955|SMU83_06017|SMU85_07549|SMU86_00345|SMU88_04772|SMU92_00555|SMU93_03942|SMU95_05602|SMU97_02017|SMU98_03275|SMU99_03204,||,|,||,||
1704,1,0,SGO_1877|smi_1718|SMU102_08277|SMU104_01020|SMU105_03020|SMU108_02799|SMU109_07076|SMU20_07221|SMU21_01000|SMU26_02380|SMU3_04441|SMU33_07257|SMU40_05989|SMU41_06237|SMU50_07276|SMU52_08896|SMU53_08561|SMU54_00550|SMU56_07493|SMU58_05319|SMU60_07483|SMU61_07930|SMU62_04467|SMU63_04496|SMU66_00065|SMU68_07828|SMU69_07130|SMU70_03095|SMU72_06430|SMU74_07424|SMU76_07833|SMU78_08902|SMU80_09690|SMU81_06123|SMU82_05632|SMU83_00277|SMU85_07674|SMU86_05316|SMU9_05120|SMU92_03556|SMU94_08532|SMU95_05999|SMU97_04973|SMU98_08600|SMU99_00085|SmuNN2025_1124|SSA_0442,V|COG1131V|ABC-type_multidrug_transport_system__ATPase_component,|ABC_transporter_ABC_nucleotide-binding_domain|ABC_transporter_ATP-binding_protein|ABC_transporter-related_protein|ABC-type_multidrug_transport_system__ATPase_component__putative,||,K01990||ABC-2_type_transport_system_ATP-binding_protein
1708,1,0,SMU10_03797|SMU101_02095|SMU103_04666|SMU104_01410|SMU107_08185|SMU108_00997|SMU109_01012|SMU21_00790|SMU22_01332|SMU26_07431|SMU29_07066|SMU33_03363|SMU36_08852|SMU40_05714|SMU41_00175|SMU44_04600|SMU50_08576|SMU52_04088|SMU53_01495|SMU56_08873|SMU57_00565|SMU61_01145|SMU62_03003|SMU66_05584|SMU68_08304|SMU69_02469|SMU70_07226|SMU72_03873|SMU74_03603|SMU76_03505|SMU77_01287|SMU78_02595|SMU80_04598|SMU81_01480|SMU82_00920|SMU83_06057|SMU86_00380|SMU88_04727|SMU89_03127|SMU9_05900|SMU92_00590|SMU93_03907|SMU94_02195|SMU95_05637|SMU97_02052|SMU98_03240|SMU99_03169,||,|,||,||
1714,1,0,SGO_1819|SMU102_04969|SMU103_07740|SMU104_00345|SMU105_03747|SMU108_02559|SMU109_08687|SMU20_07948|SMU21_00090|SMU22_06372|SMU26_06373|SMU29_06019|SMU29_06024|SMU3_05950|SMU36_03254|SMU41_07904|SMU44_05140|SMU50_05164|SMU53_04426|SMU54_02765|SMU56_00607|SMU57_07748|SMU61_01992|SMU63_06450|SMU69_09539|SMU70_00060|SMU72_01170|SMU74_05198|SMU75_05804|SMU77_05895|SMU78_04613|SMU82_07841|SMU83_03583|SMU85_02581|SMU86_03010|SMU88_00710|SMU89_05241|SMU9_01515|SMU92_02354|SMU93_06523|SMU93_06528|SMU94_01005|SMU95_01524|SMU99_02810|SRA_01844|SSA_0253,|R||COG1266R||Predicted_metal-dependent_membrane_protease,|CAAX_amino_protease|CAAX_amino_terminal_protease_family_protein__putative,||,||
1717,1,0,GALLO_0183|SAG1933|SDEG_1764|SGO_1520|smi_1024|SMU102_09159|SMU103_06586|SMU105_01880|SMU107_06324|SMU108_02956|SMU109_05034|SMU21_06985|SMU26_00410|SMU29_04879|SMU3_00350|SMU33_05308|SMU36_06060|SMU40_01893|SMU50_04148|SMU53_00335|SMU56_05473|SMU57_01092|SMU61_02329|SMU62_06254|SMU66_01409|SMU68_05503|SMU70_01836|SMU78_09485|SMU80_05351|SMU81_05643|SMU82_03486|SMU83_01234|SMU85_01224|SMU86_04161|SMU89_00847|SMU9_07406|SMU92_08058|SMU93_02504|SMU94_01555|SMU97_00519|SMU99_04717|SP_0647|SPy_1709|SRA_06576|SUB1458,G|COG3775G|Phosphotransferase_system__galactitol-specific_IIC_component,|PTS_system_galactitol-specific_transporter_subunit_IIC|PTS_system__galactose-specific_IIC_component|PTS_system__IIC_component|PTS_system__IIC_component__putative|Putative_PTS_system__mannitol/fructose-specific__IIC_component|sugar_phosphotransferase_system_(PTS)__galactitol-specific_family__IIC_component,||,K02775|00052_02060|PTS_system__galactitol-specific_IIC_component
1718,1,0,SMU102_08282|SMU104_01015|SMU105_03015|SMU108_02794|SMU109_03950|SMU20_07216|SMU21_00995|SMU26_02375|SMU29_08749|SMU3_04436|SMU33_07252|SMU40_05994|SMU41_06232|SMU50_07281|SMU52_08901|SMU53_08566|SMU54_00555|SMU58_05314|SMU60_07488|SMU61_07925|SMU62_04462|SMU63_04501|SMU66_00060|SMU68_07833|SMU70_03100|SMU72_06435|SMU74_07419|SMU75_06369|SMU76_07828|SMU78_08897|SMU80_09695|SMU81_06128|SMU82_05637|SMU83_00282|SMU85_07679|SMU86_05311|SMU9_05115|SMU92_03561|SMU93_00933|SMU94_08537|SMU95_06004|SMU97_04968|SMU98_08605|SMU99_00090|SmuNN2025_1123,||,|,||,||
1719,1,0,SMU10_03437|SMU102_07380|SMU105_09375|SMU107_08765|SMU109_07621|SMU21_04145|SMU26_08787|SMU29_08534|SMU3_05131|SMU33_07622|SMU40_07621|SMU41_09124|SMU44_05666|SMU50_07881|SMU52_09664|SMU53_09534|SMU54_06058|SMU56_06919|SMU57_06753|SMU58_06223|SMU60_07623|SMU61_07280|SMU62_07098|SMU63_08249|SMU68_00310|SMU69_02584|SMU70_04044|SMU72_04405|SMU74_07224|SMU75_02100|SMU76_09155|SMU77_07666|SMU78_05906|SMU80_09420|SMU81_08777|SMU82_08947|SMU83_08033|SMU86_07418|SMU9_06442|SMU92_05480|SMU93_04537|SMU94_09085|SMU95_08290|SMU97_07652|SMU99_06768,||,|,||,||
1725,1,0,SMU101_06497|SMU103_03300|SMU105_01535|SMU109_04699|SMU22_04307|SMU26_06123|SMU29_04544|SMU3_00005|SMU33_04963|SMU36_06395|SMU40_02248|SMU41_03414|SMU44_02246|SMU52_01489|SMU53_00680|SMU54_04838|SMU56_05133|SMU57_08901|SMU58_06998|SMU61_08570|SMU62_04982|SMU63_06965|SMU66_09397|SMU68_05163|SMU69_06537|SMU70_02146|SMU74_07089|SMU75_00447|SMU76_04544|SMU77_01787|SMU78_07825|SMU80_05016|SMU81_05298|SMU85_02481|SMU86_09635|SMU88_08892|SMU89_01182|SMU9_09323|SMU93_02169|SMU94_01200|SMU95_02396|SMU97_00764|SMU98_02895|SMU99_06843,H|COG0635H|Coproporphyrinogen_III_oxidase_and_related_Fe-S_oxidoreductases,|coproporphyrinogen_III_oxidase,||,||
1726,1,0,GALLO_0182|SAG1934|SDEG_1765|SGO_1521|smi_1023|SMU102_09164|SMU103_06591|SMU105_01885|SMU107_06319|SMU108_02951|SMU109_05039|SMU21_06990|SMU26_00415|SMU29_04884|SMU3_00355|SMU33_05313|SMU36_06055|SMU40_01888|SMU50_04143|SMU53_00330|SMU56_05478|SMU57_01087|SMU61_02334|SMU62_06259|SMU66_01414|SMU68_05508|SMU70_01841|SMU78_09480|SMU80_05356|SMU81_05648|SMU82_03491|SMU83_01239|SMU85_01219|SMU89_00842|SMU9_07401|SMU92_08053|SMU93_02509|SMU94_01560|SMU97_00514|SMU99_04722|SP_0646|SPy_1710|SRA_06581|SUB1459,G|COG3414G|Phosphotransferase_system__galactitol-specific_IIB_component,|PTS_system_IIB_component_(galactitol/fructose_specific)|PTS_system__galactose-specific_IIB_component|PTS_system__IIB_component|PTS_system__IIB_component__putative|Putative_PTS_system__mannitol/fructose-specific_IIB_component|sugar_phosphotransferase_system_(PTS)__IIB_component,||,K02774|00052_02060|PTS_system__galactitol-specific_IIB_component_[EC:2.7.1.69]
1727,1,0,GALLO_0181|SAG1935|SDEG_1766|SGO_1522|smi_1022|SMU102_09169|SMU103_06596|SMU105_01890|SMU107_06314|SMU108_02946|SMU109_05044|SMU21_06995|SMU26_00420|SMU29_04889|SMU3_00360|SMU33_05318|SMU36_06050|SMU40_01883|SMU50_04138|SMU53_00325|SMU56_05483|SMU57_01082|SMU61_02339|SMU62_06264|SMU66_01419|SMU68_05513|SMU70_01846|SMU78_09475|SMU80_05361|SMU81_05653|SMU82_03496|SMU83_01244|SMU85_01214|SMU89_00837|SMU9_07396|SMU92_08048|SMU93_02514|SMU94_01565|SMU97_00509|SMU99_04727|SP_0645|SPy_1711|SRA_06586|SUB1460,GT|COG1762GT|Phosphotransferase_system_mannitol/fructose-specific_IIA_domain_(Ntr-type),|PTS_system_enzyme_IIBC_component_(galactitol/fructose_specific)|PTS_system_IIA_component__putative|PTS_system__galactose-specific_IIA_component|PTS_system__IIA_component|PTS_system__IIA_component__putative|putative_PTS_system__enzyme_IIA_component|Putative_PTS_system__mannitol/fructose-specific_IIA_component|sugar_phosphotransferase_system_(PTS)__IIA_component,||,K02773|00052_02060|PTS_system__galactitol-specific_IIA_component_[EC:2.7.1.69]
1729,1,0,SMU102_04974|SMU103_07745|SMU104_00350|SMU105_03742|SMU108_02564|SMU109_08682|SMU20_07953|SMU21_00095|SMU22_06377|SMU26_06368|SMU29_06014|SMU3_05945|SMU33_03086|SMU36_03244|SMU41_07899|SMU44_05135|SMU50_05169|SMU53_04421|SMU56_00602|SMU57_07753|SMU61_01987|SMU63_06455|SMU66_07419|SMU68_07503|SMU69_09544|SMU70_00065|SMU72_01175|SMU74_05193|SMU75_05799|SMU77_05900|SMU78_04608|SMU81_05069|SMU82_07846|SMU85_02586|SMU86_03005|SMU88_00715|SMU89_05231|SMU9_01525|SMU92_02349|SMU93_06518|SMU94_01010|SMU95_01529|SMU98_07496|SRA_01839,||,|,||,||
1732,1,0,SMU10_05150|SMU101_05842|SMU102_06329|SMU103_02431|SMU104_04832|SMU107_08550|SMU108_09202|SMU109_07306|SMU21_09428|SMU29_07463|SMU33_09675|SMU36_08607|SMU44_09069|SMU50_05578|SMU52_08322|SMU53_03966|SMU54_09218|SMU56_05987|SMU57_08956|SMU61_08425|SMU62_06851|SMU63_08299|SMU66_06334|SMU68_01956|SMU69_00801|SMU70_08818|SMU72_05255|SMU74_06834|SMU75_02340|SMU76_05914|SMU78_00760|SMU80_10203|SMU81_09467|SMU83_08473|SMU85_03400|SMU88_09105|SMU89_07561|SMU9_08974|SMU92_01747|SMU94_03891|SMU95_00330|SMU97_05575|SMU98_05052|SMU99_07875,||,|,||,||
1736,1,0,SMU102_03216|SMU103_09295|SMU105_09188|SMU107_09225|SMU108_00410|SMU109_08872|SMU21_09321|SMU22_05335|SMU26_03270|SMU33_02994|SMU36_05093|SMU40_08913|SMU41_02985|SMU44_05209|SMU54_02473|SMU56_06592|SMU57_03773|SMU58_01886|SMU60_09482|SMU61_09197|SMU62_08903|SMU69_06727|SMU70_00424|SMU72_06730|SMU74_00435|SMU76_06771|SMU77_08651|SMU78_09635|SMU80_04376|SMU81_07985|SMU82_04196|SMU85_06265|SMU86_07528|SMU88_08745|SMU89_08131|SMU9_00765|SMU92_09168|SMU94_08330|SMU95_08850|SMU97_05208|SMU98_04975|SMU99_06706|SmuNN2025_0361,||,|sugar_phosphate_sensor_protein,||,||
1738,1,0,SMU10_00352|SMU101_00360|SMU102_05329|SMU103_00090|SMU104_04942|SMU105_03190|SMU107_04825|SMU108_07646|SMU109_06841|SMU20_01329|SMU21_07530|SMU22_05507|SMU26_03492|SMU29_03215|SMU3_04041|SMU40_00316|SMU44_00930|SMU52_05094|SMU54_04134|SMU57_08233|SMU61_04705|SMU62_00690|SMU63_04128|SMU66_08751|SMU68_05913|SMU70_01610|SMU75_03495|SMU76_03060|SMU77_00200|SMU80_05838|SMU81_02132|SMU82_05212|SMU85_01834|SMU88_04867|SMU9_06037|SMU92_02696|SMU93_04442|SMU94_03601|SMU95_08485|SMU97_04663|SMU98_08315|SMU99_02470,||,|,||,||
1745,1,0,SMU10_02807|SMU101_03239|SMU102_06649|SMU103_02856|SMU103_02861|SMU105_05189|SMU107_05885|SMU109_04040|SMU20_05352|SMU21_01450|SMU22_06754|SMU22_06759|SMU26_04442|SMU29_01777|SMU3_01240|SMU33_00864|SMU36_06680|SMU40_06800|SMU40_06805|SMU44_02923|SMU50_00155|SMU52_02334|SMU53_07585|SMU54_07280|SMU58_02981|SMU60_06202|SMU63_02547|SMU70_03021|SMU75_07169|SMU75_07174|SMU76_01059|SMU80_01684|SMU81_03201|SMU83_02934|SMU86_01619|SMU89_03192|SMU9_03984|SMU93_07512|SMU94_07283|SMU97_05815|SMU98_07182|SRA_09798,||,|,||,||
1751,1,0,SMU10_01321|SMU101_05797|SMU102_09878|SMU103_06096|SMU105_08905|SMU109_10041|SMU21_05826|SMU22_09622|SMU26_10277|SMU33_09090|SMU36_06891|SMU41_09783|SMU44_09399|SMU50_06701|SMU52_08559|SMU54_00655|SMU56_09325|SMU57_08540|SMU58_09459|SMU60_09704|SMU61_09662|SMU63_05056|SMU68_10088|SMU69_09874|SMU70_02556|SMU74_09768|SMU76_09376|SMU77_10096|SMU80_10551|SMU81_05683|SMU82_09581|SMU83_09998|SMU85_09750|SMU86_10471|SMU88_09632|SMU89_08817|SMU9_04495|SMU94_01910|SMU95_09364|SMU98_09862|SMU99_10128,||,|,||,||
1768,1,0,SMU10_01756|SMU101_05147|SMU102_02641|SMU104_09310|SMU105_04362|SMU107_04268|SMU109_04614|SMU20_02856|SMU26_04397|SMU29_05259|SMU3_01624|SMU36_02899|SMU40_05064|SMU41_07604|SMU44_07040|SMU50_01993|SMU52_06076|SMU53_03111|SMU57_03548|SMU58_04424|SMU60_02931|SMU61_03735|SMU63_08684|SMU68_02748|SMU69_02936|SMU72_04835|SMU74_00100|SMU75_04824|SMU76_00340|SMU77_01437|SMU78_06741|SMU80_02735|SMU83_04246|SMU85_05077|SMU86_07083|SMU89_01602|SMU92_03916|SMU93_03329|SMU97_06807,||,|,||,||
1770,1,0,smi_0438|SMU104_07940|SMU109_01267|SMU20_02239|SMU21_03056|SMU26_08485|SMU29_04329|SMU33_02223|SMU36_01397|SMU40_04642|SMU41_06152|SMU52_05654|SMU56_02252|SMU57_05743|SMU61_03154|SMU63_03408|SMU66_01069|SMU69_08059|SMU70_07066|SMU72_09818|SMU74_03908|SMU75_01701|SMU77_08056|SMU78_01540|SMU80_01763|SMU81_03975|SMU83_04706|SMU86_06856|SMU88_02736|SMU89_09281|SMU9_07222|SMU92_09360|SMU93_05109|SMU94_06253|SMU95_05157|SMU97_08217|SMU98_05932|SmuNN2025_0795|SRA_03661,|T||COG2337T||Growth_inhibitor,|transcriptional_regulator,||,K07171||
1771,1,0,SMU102_03898|SMU104_01700|SMU105_06835|SMU107_03931|SMU108_01292|SMU109_03013|SMU22_02167|SMU44_03812|SMU52_04373|SMU53_04931|SMU57_00285|SMU58_01134|SMU60_01884|SMU61_00855|SMU62_03288|SMU63_02981|SMU66_02271|SMU68_02271|SMU69_00509|SMU70_07891|SMU72_04168|SMU74_01311|SMU75_00195|SMU76_03790|SMU78_02305|SMU80_01247|SMU81_01200|SMU82_01205|SMU83_05765|SMU86_00085|SMU88_02270|SMU9_05620|SMU92_00300|SMU94_02955|SMU95_07054|SMU97_00255|SMU98_02443|SMU99_01734|SmuNN2025_0889,||,|,||,||
1772,1,0,SMU10_07190|SMU101_05942|SMU103_07485|SMU104_04212|SMU105_04197|SMU107_06299|SMU109_02138|SMU20_02471|SMU21_05306|SMU22_05280|SMU29_00880|SMU3_09708|SMU33_00649|SMU36_00895|SMU40_07866|SMU41_00665|SMU50_00841|SMU52_09764|SMU53_01120|SMU54_05438|SMU56_03054|SMU58_09297|SMU60_09015|SMU63_06106|SMU66_09627|SMU68_04571|SMU70_03799|SMU75_02695|SMU76_07758|SMU77_02959|SMU83_04336|SMU85_00654|SMU86_04431|SMU88_01160|SMU89_08493|SMU93_05519|SMU94_00705|SMU98_01933,||,|,||,||
1775,1,0,SMU103_05246|SMU104_07625|SMU109_07756|SMU21_06355|SMU22_07638|SMU26_06013|SMU3_07146|SMU33_07922|SMU36_05950|SMU40_05224|SMU41_02366|SMU50_02766|SMU57_02513|SMU58_07818|SMU60_00515|SMU61_06441|SMU62_04125|SMU66_03924|SMU68_06048|SMU69_08494|SMU70_02091|SMU72_03483|SMU74_03513|SMU77_04680|SMU78_05736|SMU81_00050|SMU82_00050|SMU85_06627|SMU86_06048|SMU88_01555|SMU89_08737|SMU9_02454|SMU92_01142|SMU94_06329|SMU95_02816|SMU98_04875|SMU99_01439|SmuNN2025_1253,||,|ATP_synthase_delta_subunit,||,||
1784,1,0,SDEG_0632|SMU10_08955|SMU102_09718|SMU104_09508|SMU107_09695|SMU109_10103|SMU26_09394|SMU29_08909|SMU3_07396|SMU41_09577|SMU44_09274|SMU52_09734|SMU53_09695|SMU54_09021|SMU61_09469|SMU62_08078|SMU63_09183|SMU68_10058|SMU69_04579|SMU72_09641|SMU74_08935|SMU75_08770|SMU76_10102|SMU78_09917|SMU80_08895|SMU82_03006|SMU83_09829|SMU86_10362|SMU88_06372|SMU92_09450|SMU93_05209|SMU95_09642|SMU98_09510|SMU99_09717|SmuNN2025_0242|stu0016|stu1454,|K|L||COG0557K|COG2963L||Exoribonuclease_R|Transposase_and_inactivated_derivatives,|degenerate_transposase_(orf1)|transposase,||,||
1785,1,0,SMU10_06410|SMU101_06714|SMU104_06477|SMU105_08007|SMU107_01232|SMU109_01167|SMU20_02349|SMU21_02951|SMU22_00980|SMU29_01195|SMU3_07901|SMU33_02313|SMU41_04214|SMU50_03636|SMU52_05749|SMU54_06848|SMU56_02342|SMU58_00360|SMU60_01557|SMU61_03254|SMU62_04280|SMU69_02112|SMU70_07166|SMU72_02097|SMU74_08176|SMU75_01796|SMU76_08408|SMU78_08000|SMU80_03989|SMU81_04080|SMU83_04806|SMU86_09850|SMU9_07122|SMU92_03434|SMU93_01393|SMU97_08307|SMU98_03840,||,|,||,||
1786,1,0,SMU103_03046|SMU107_05695|SMU108_04223|SMU109_04230|SMU20_05542|SMU22_06944|SMU26_04637|SMU3_01045|SMU36_09214|SMU40_07000|SMU41_02801|SMU44_02743|SMU50_06129|SMU52_02519|SMU56_05568|SMU57_06888|SMU58_03161|SMU60_06392|SMU61_06027|SMU62_01435|SMU66_02583|SMU69_03956|SMU70_05466|SMU72_02444|SMU74_00822|SMU77_03806|SMU78_04855|SMU81_03011|SMU82_01592|SMU86_01804|SMU88_07392|SMU89_04784|SMU9_03794|SMU92_07372|SMU94_07478|SMU95_04258|SMU98_06992,||,|,||,||
1791,1,0,SMU10_07585|SMU101_00570|SMU102_05719|SMU103_05046|SMU105_00395|SMU108_01699|SMU109_07931|SMU20_03828|SMU22_07828|SMU29_02461|SMU3_07356|SMU33_04563|SMU41_02561|SMU44_07235|SMU52_03238|SMU53_05646|SMU54_06643|SMU61_06246|SMU62_03930|SMU63_03698|SMU66_04119|SMU69_08304|SMU72_03288|SMU77_02387|SMU78_05541|SMU81_00225|SMU82_00245|SMU88_01745|SMU9_02644|SMU92_01337|SMU93_00598|SMU94_06524|SMU95_03006|SMU98_04685|SMU99_01239|SmuNN2025_1216,||,|,||,||
1794,1,0,GALLO_0526|SAG0442|SAG0443|SDEG_1564|SEQ_1674|SGO_0637|smi_0387|SMU102_03206|SMU105_09178|SMU107_09235|SMU109_08882|SMU26_03280|SMU33_02984|SMU44_05219|SMU50_06424|SMU54_02483|SMU56_06602|SMU57_03783|SMU58_01896|SMU60_09472|SMU68_05111|SMU74_00425|SMU76_06781|SMU77_08641|SMU80_04366|SMU81_07995|SMU86_07518|SMU88_08755|SMU9_00755|SMU97_05218|SP_0566|SPy_1570|SRA_00068|SSA_1821|stu0476|SZO_04680,J|COG1670J|Acetyltransferases__including_N-acetylases_of_ribosomal_proteins,|rimL|acetyltransferase|acetyltransferase_GNAT_family|acetyltransferase_GNAT_family_protein|acetyltransferase__GNAT_family|product_acetyltransferase__GNAT_family|ribosomal_protein_N-acetylase,|Enzymes_of_unknown_specificity|acetyltransferase__GNAT_family_family,||
1799,1,0,SMU10_08980|SMU101_06999|SMU102_01209|SMU107_09477|SMU109_07271|SMU21_01215|SMU21_03281|SMU22_01280|SMU26_06981|SMU33_01468|SMU50_02078|SMU52_05429|SMU56_02007|SMU62_05147|SMU66_00854|SMU66_06369|SMU70_05311|SMU72_07349|SMU74_00472|SMU75_06654|SMU77_06274|SMU78_08567|SMU80_08860|SMU81_07630|SMU82_09182|SMU83_09167|SMU89_02402|SMU89_09331|SMU9_08397|SMU92_06107|SMU94_08952|SMU95_00470|SMU97_03586|SMU98_05222|SMU98_06157,||,|,||,||
1804,1,0,SMU10_09573|SMU101_09805|SMU102_10083|SMU104_09680|SMU107_09982|SMU108_09617|SMU109_09434|SMU20_09587|SMU26_10177|SMU29_06571|SMU3_09698|SMU41_09504|SMU52_09906|SMU54_09452|SMU61_09859|SMU62_09726|SMU63_09858|SMU69_09849|SMU72_10001|SMU74_09630|SMU75_02950|SMU76_10127|SMU78_10022|SMU80_10382|SMU82_09797|SMU83_09943|SMU86_10508|SMU88_09741|SMU92_09674|SMU93_09463|SMU95_09637|SMU97_09569|SMU99_10052,||,|putative_immunity_protein,||,||
1807,1,0,SMU10_08878|SMU101_09649|SMU103_09488|SMU104_09759|SMU105_09747|SMU108_09374|SMU109_09846|SMU20_09616|SMU21_09388|SMU22_09546|SMU26_10143|SMU29_09404|SMU3_09290|SMU33_09851|SMU36_09690|SMU40_09483|SMU44_08774|SMU52_09844|SMU53_06851|SMU54_09343|SMU58_09942|SMU60_09820|SMU61_09958|SMU63_09705|SMU74_09737|SMU75_08785|SMU76_10067|SMU81_09704|SMU83_09923|SMU89_07521|SMU9_08667|SMU93_09978|SMU99_09909,||,|,||,||
1813,1,0,SAG1228|SAG1243|SDEG_0206|SDEG_0634|SDEG_0922|SDEG_1261|SDEG_1328|SDEG_1403|SDEG_1785|SDEG_2019|SMU107_09947|SMU109_08944|SMU21_09698|SMU36_08999|SMU40_09473|SMU41_03377|SMU57_05079|SMU61_00795|SMU69_00569|SMU70_08778|SMU72_04228|SMU77_09292|SMU78_02245|SMU86_06423|SMU89_09755|SMU92_00240|SMU95_06994|SMU98_00574|SMU99_10082|SmuNN2025_0877|SmuNN2025_1140|SUB1438A,L|COG2963L|Transposase_and_inactivated_derivatives,|ISSag4__transposase_orfA|ISSag4__truncated_transposase_orfA|ISSdy1__transposase_OrfA,||,K07483||transposase
1819,1,0,SGO_0897|SMU103_08910|SMU109_06161|SMU22_00115|SMU36_07948|SMU41_08309|SMU50_03341|SMU56_00150|SMU57_03088|SMU61_08825|SMU62_03605|SMU66_04524|SMU68_08889|SMU69_09099|SMU70_04851|SMU72_08068|SMU74_05018|SMU78_05374|SMU81_06920|SMU82_05502|SMU85_01619|SMU86_03966|SMU88_05957|SMU89_06989|SMU9_03569|SMU92_07998|SMU94_02550|SMU95_00905|SMU98_01368|SmuNN2025_0734|SRA_07021|SSA_0994,E|COG3340E|Peptidase_E,|peptidase_E|Peptidase_E|peptidase_E__putative,||,K05995||dipeptidase_E_[EC:3.4.13.21]
1825,1,0,GALLO_2119|SGO_0422|SMU104_04247|SMU105_04167|SMU107_06264|SMU109_02103|SMU20_02506|SMU29_00915|SMU3_03274|SMU53_01085|SMU54_05403|SMU58_09262|SMU60_08980|SMU61_00415|SMU62_00225|SMU63_06071|SMU69_01802|SMU72_07017|SMU75_02730|SMU77_02994|SMU78_04083|SMU82_02116|SMU83_04376|SMU86_04396|SMU88_01200|SMU92_05840|SMU93_05554|SMU94_00740|SMU95_06284|SmuNN2025_1461|SRA_00153,G|COG3414G|Phosphotransferase_system__galactitol-specific_IIB_component,|phosphotransferase_system__galactitol-specific_IIB_component|PTS_system_lactose_family_IIB_subunit|putative_PTS_system__ascorbate_family__IIA_component,||,K02822|00053_02060|02060|PTS_system__ascorbate-specific_IIB_component_[EC:2.7.1.69]
1829,1,0,SMU102_07795|SMU107_01979|SMU108_02284|SMU109_07706|SMU26_08982|SMU29_09479|SMU33_07120|SMU36_09484|SMU40_02273|SMU41_07934|SMU52_02953|SMU57_00060|SMU61_05680|SMU62_09495|SMU69_06007|SMU72_09023|SMU74_07064|SMU75_06169|SMU77_09517|SMU78_09112|SMU80_10068|SMU81_00805|SMU82_07661|SMU88_00060|SMU89_09562|SMU9_08842|SMU92_08118|SMU93_08338|SMU94_06098|SMU95_00735|SMU97_09009,||,|,||,||
1830,1,0,SMU102_01019|SMU104_08005|SMU109_01302|SMU26_09934|SMU29_04369|SMU33_02178|SMU41_06117|SMU50_02263|SMU52_05619|SMU56_02187|SMU57_09393|SMU61_03089|SMU69_08094|SMU70_07031|SMU72_00855|SMU74_05823|SMU75_01641|SMU77_06469|SMU78_01575|SMU80_01728|SMU81_03910|SMU83_09657|SMU86_06891|SMU88_02771|SMU9_07257|SMU92_09395|SMU93_05069|SMU94_08617|SMU95_05142|SMU97_08182|SmuNN2025_0802,R|COG3093R|Plasmid_maintenance_system_antidote_protein,|Plasmid_maintenance_system_antidote_protein,||,||
1839,1,0,SMU101_09870|SMU102_10123|SMU107_10051|SMU109_07141|SMU26_08455|SMU3_04861|SMU3_09717|SMU36_09680|SMU41_09734|SMU44_04645|SMU53_09857|SMU54_09447|SMU56_09718|SMU57_09555|SMU61_09928|SMU62_01245|SMU63_09792|SMU66_00449|SMU69_09796|SMU70_09606|SMU74_02503|SMU82_04146|SMU83_10038|SMU85_06010|SMU88_01080|SMU89_09891|SMU95_03406|SMU95_09767|SMU98_02690,|E||COG0722E||3-deoxy-D-arabino-heptulosonate_7-phosphate_(DAHP)_synthase,|putative_DAHP_synthase,||,||
1842,1,0,SMU104_04227|SMU105_04187|SMU107_06284|SMU109_02123|SMU20_02486|SMU29_00895|SMU3_03254|SMU53_01105|SMU54_05423|SMU58_09282|SMU60_09000|SMU61_00435|SMU62_00245|SMU63_06091|SMU69_01822|SMU72_07037|SMU75_02710|SMU77_02974|SMU78_04103|SMU82_02136|SMU83_04356|SMU86_04416|SMU88_01180|SMU92_05820|SMU93_05534|SMU94_00720|SMU95_06304|SmuNN2025_1457|SRA_00173,F|COG0563F|Adenylate_kinase_and_related_kinases,|,||,||
1843,1,0,SMU104_04232|SMU105_04182|SMU107_06279|SMU109_02118|SMU20_02491|SMU29_00900|SMU3_03259|SMU53_01100|SMU54_05418|SMU58_09277|SMU60_08995|SMU61_00430|SMU62_00240|SMU63_06086|SMU69_01817|SMU72_07032|SMU75_02715|SMU77_02979|SMU78_04098|SMU82_02131|SMU83_04361|SMU86_04411|SMU88_01185|SMU92_05825|SMU93_05539|SMU94_00725|SMU95_06299|SmuNN2025_1458|SRA_00168,G|COG0191G|Fructose/tagatose_bisphosphate_aldolase,|fructose-bisphosphate_aldolase,||,K01624|00010_00030_00051_01100_01110|fructose-bisphosphate_aldolase__class_II_[EC:4.1.2.13]
1844,1,0,SMU104_04237|SMU105_04177|SMU107_06274|SMU109_02113|SMU20_02496|SMU29_00905|SMU3_03264|SMU53_01095|SMU54_05413|SMU58_09272|SMU60_08990|SMU61_00425|SMU62_00235|SMU63_06081|SMU69_01812|SMU72_07027|SMU75_02720|SMU77_02984|SMU78_04093|SMU82_02126|SMU83_04366|SMU86_04406|SMU88_01190|SMU92_05830|SMU93_05544|SMU94_00730|SMU95_06294|SmuNN2025_1459|SRA_00163,R|COG0457R|FOG:_TPR_repeat,|,||,||
1852,1,0,SMU103_08920|SMU109_06171|SMU22_00105|SMU36_07958|SMU41_08319|SMU50_03351|SMU56_00140|SMU57_03098|SMU61_08815|SMU62_03595|SMU66_04534|SMU68_08879|SMU69_09109|SMU70_04841|SMU72_08058|SMU74_05008|SMU78_05364|SMU81_06930|SMU82_05492|SMU85_01609|SMU86_03976|SMU88_05947|SMU89_06999|SMU9_03559|SMU92_07988|SMU94_02560|SMU95_00895|SMU98_01378|SmuNN2025_0732,||,|,||,||
1855,1,0,SAG1229|SAG1244|SDEG_0205|SDEG_0921|SDEG_1329|SMU107_09942|SMU109_08939|SMU21_09703|SMU36_09004|SMU40_09468|SMU41_03372|SMU57_05084|SMU61_00790|SMU68_02803|SMU69_00574|SMU70_08783|SMU72_04233|SMU77_09287|SMU78_02240|SMU86_06428|SMU89_09760|SMU92_00235|SMU95_06989|SMU98_00569|SMU99_10077|SmuNN2025_0876|SmuNN2025_1139|SZO_02100,L|COG2801L|Transposase_and_inactivated_derivatives,|isertion_sequence_IS861_transposase|ISSdy1__transposase_OrfB|putative_transposase,||,||
1858,1,0,SMU102_09094|SMU104_05487|SMU105_01820|SMU20_00085|SMU22_04592|SMU3_00290|SMU41_03694|SMU58_06713|SMU60_04415|SMU61_02269|SMU62_06194|SMU63_06675|SMU66_01344|SMU72_08913|SMU74_04268|SMU77_02067|SMU78_06156|SMU80_05291|SMU83_01174|SMU85_01284|SMU88_06587|SMU92_06832|SMU94_01495|SMU95_02676|SMU97_00579|SMU98_06272|SMU99_04657|SmuNN2025_0629,||,|,||,||
1860,1,0,SDEG_2071|smi_1783|SMU104_08240|SMU105_01970|SMU109_06029|SMU20_07843|SMU3_06739|SMU33_02792|SMU53_09449|SMU54_01285|SMU56_07044|SMU62_05414|SMU63_07405|SMU66_08656|SMU68_07693|SMU70_00883|SMU74_08034|SMU77_05065|SMU82_08777|SMU83_00145|SMU85_08079|SMU86_02580|SMU88_07743|SMU94_06689|SMU98_07267|SmuNN2025_1565|SSUSC84_1963|SUB1765,K|COG1733K|Predicted_transcriptional_regulators,|transcriptional_regulator|transcriptional_regulator_protein,||,||
1867,1,0,SMU103_09275|SMU108_00430|SMU109_08637|SMU21_09301|SMU22_05355|SMU40_08893|SMU41_02965|SMU53_04371|SMU57_07798|SMU61_09217|SMU62_08923|SMU69_06747|SMU70_00105|SMU70_00444|SMU70_00449|SMU72_06750|SMU78_09660|SMU80_02370|SMU82_04176|SMU85_06245|SMU89_08151|SMU92_09148|SMU94_08355|SMU95_08830|SMU97_06532|SMU98_04955|SMU99_06686|SmuNN2025_0365,|K|NT|V||COG0732V|COG0840NT|COG1758K||DNA-directed_RNA_polymerase__subunit_K/omega|Methyl-accepting_chemotaxis_protein|Restriction_endonuclease_S_subunits,|restriction_enzyme,||,||
1873,1,0,SMU10_05125|SMU101_07379|SMU102_08597|SMU104_00905|SMU107_09362|SMU108_04669|SMU109_09778|SMU20_07106|SMU26_09904|SMU29_07657|SMU3_06112|SMU41_09683|SMU52_00005|SMU54_07742|SMU62_08013|SMU63_05156|SMU74_09562|SMU75_09287|SMU76_09982|SMU80_10582|SMU83_08962|SMU86_09540|SMU88_00220|SMU92_07546|SMU93_07913|SMU97_09807|SMU99_09082,||,|putative_immunity_protein,||,||
1875,1,0,SMU104_06457|SMU109_01187|SMU20_02329|SMU21_02971|SMU22_01000|SMU26_05486|SMU3_07881|SMU40_04557|SMU50_03656|SMU57_08585|SMU62_04300|SMU63_08027|SMU66_02009|SMU68_03809|SMU69_02092|SMU70_07146|SMU74_08156|SMU77_07976|SMU81_04060|SMU82_08615|SMU85_08586|SMU88_02651|SMU9_07142|SMU94_06168|SMU95_07916|SMU98_03860|SRA_03571,||,|,||,||
1884,1,0,SMU103_02866|SMU105_05184|SMU109_04045|SMU20_05357|SMU21_01455|SMU22_06764|SMU29_01772|SMU3_01235|SMU33_00869|SMU36_06675|SMU40_06810|SMU44_02918|SMU50_00150|SMU53_07580|SMU54_07275|SMU63_02542|SMU70_03016|SMU75_07164|SMU81_03196|SMU86_01624|SMU89_03197|SMU9_03979|SMU93_07517|SMU94_07288|SMU98_07177|SRA_09808,||,|,||,||
1885,1,0,SMU103_08855|SMU108_09062|SMU109_08380|SMU20_08133|SMU21_09176|SMU22_02784|SMU29_06496|SMU41_08904|SMU44_06005|SMU56_05833|SMU57_08133|SMU62_08378|SMU63_07640|SMU68_00055|SMU69_08134|SMU70_09449|SMU72_08153|SMU78_08792|SMU82_07129|SMU86_09010|SMU9_02684|SMU92_08963|SMU93_03174|SMU94_07950|SMU95_08795|SMU99_05162,||,|,||,||
1886,1,0,SGO_0561|SMU102_01014|SMU109_01297|SMU26_09939|SMU29_04364|SMU33_02183|SMU41_06122|SMU50_02268|SMU52_05624|SMU69_08089|SMU70_07036|SMU72_00850|SMU74_05828|SMU75_01646|SMU77_06474|SMU78_01570|SMU80_01733|SMU83_09652|SMU86_06886|SMU88_02766|SMU9_07252|SMU92_09390|SMU93_05074|SMU94_08612|SMU97_08187|SmuNN2025_0801,R|COG3549R|Plasmid_maintenance_system_killer_protein,|,||,K07334||proteic_killer_suppression_protein
1887,1,0,SMU103_09449|SMU105_09671|SMU107_08875|SMU108_09652|SMU109_10056|SMU20_09529|SMU21_09903|SMU22_09526|SMU26_10302|SMU40_09638|SMU41_09764|SMU44_09269|SMU50_09136|SMU52_09579|SMU61_09807|SMU66_09115|SMU68_09074|SMU69_09729|SMU70_08483|SMU76_10038|SMU78_09959|SMU80_09435|SMU88_07142|SMU9_09282|SMU92_09210|SMU95_04377,||,|,||,||
1891,1,0,SMU104_06452|SMU109_01192|SMU20_02324|SMU21_02976|SMU22_01005|SMU26_05491|SMU3_07876|SMU40_04562|SMU50_03661|SMU57_08590|SMU62_04305|SMU63_08032|SMU68_03804|SMU69_02087|SMU70_07141|SMU74_05263|SMU81_04055|SMU82_08620|SMU85_08581|SMU88_02656|SMU9_07147|SMU94_06173|SMU95_05232|SMU98_03865|SRA_03576,||,|,||,||
1894,1,0,SMU102_07800|SMU107_01984|SMU108_02289|SMU109_07701|SMU29_09474|SMU33_07115|SMU36_09489|SMU40_02278|SMU41_07939|SMU57_00055|SMU61_05685|SMU69_06012|SMU72_09028|SMU74_07059|SMU75_06164|SMU77_09512|SMU78_09117|SMU80_10063|SMU86_09385|SMU88_00055|SMU89_09557|SMU92_08123|SMU93_08343|SMU95_00740|SMU97_09014,||,|,||,||
1895,1,0,SMU108_00527|SMU109_01454|SMU26_03080|SMU36_04421|SMU41_06492|SMU44_07612|SMU61_05065|SMU62_00960|SMU66_02852|SMU69_05597|SMU70_06716|SMU72_04570|SMU77_00820|SMU78_01680|SMU81_02357|SMU82_07461|SMU86_01200|SMU88_05272|SMU89_07591|SMU9_01947|SMU92_06562|SMU94_05491|SMU95_03306|SMU98_00944|SmuNN2025_1283,V|COG1132V|ABC-type_multidrug_transport_system__ATPase_and_permease_components,|multidrug_resistance_ABC_transporter_ATPase_andpermease_components,||,||
1896,1,0,SMU108_00532|SMU109_01464|SMU26_03085|SMU36_04416|SMU41_06497|SMU44_07607|SMU61_05070|SMU62_00965|SMU66_02857|SMU69_05602|SMU70_06711|SMU72_04575|SMU77_00815|SMU78_01685|SMU81_02362|SMU82_07466|SMU86_01195|SMU88_05267|SMU89_07586|SMU9_01942|SMU92_06557|SMU94_05486|SMU95_03301|SMU98_00949|SmuNN2025_1284,S|COG1520S|FOG:_WD40-like_repeat,|serine/threonine_protein_kinase-like_protein,||,||
1897,1,0,SMU108_00537|SMU109_01469|SMU26_03090|SMU36_04411|SMU41_06502|SMU44_07602|SMU61_05075|SMU62_00970|SMU66_02862|SMU69_05607|SMU70_06706|SMU72_04580|SMU77_00810|SMU78_01690|SMU81_02367|SMU82_07471|SMU86_01190|SMU88_05262|SMU89_07581|SMU9_01937|SMU92_06552|SMU94_05481|SMU95_03296|SMU98_00954|SmuNN2025_1285,|O||COG4870O||Cysteine_protease,|putative_double-glycine_peptidase,||,||
1903,1,0,SMU104_08235|SMU105_01965|SMU109_06034|SMU20_07838|SMU3_06734|SMU33_02787|SMU53_09444|SMU54_01280|SMU56_07049|SMU62_05409|SMU63_07400|SMU66_08661|SMU68_07688|SMU70_00878|SMU74_08039|SMU77_05060|SMU82_08772|SMU83_00150|SMU85_08074|SMU86_02575|SMU88_07738|SMU94_06694|SMU98_07262|SmuNN2025_1566,C|COG0778C|Nitroreductase,|NAD(P)H-flavin_oxidoreductase,||,||
1908,1,0,SGO_1615|SMU102_01806|SMU109_09099|SMU26_04821|SMU41_08629|SMU61_08975|SMU62_07945|SMU68_04921|SMU69_08839|SMU72_09466|SMU78_00260|SMU80_06063|SMU81_04452|SMU82_06649|SMU86_05993|SMU88_05787|SMU92_09053|SMU95_09424|SMU97_07842|SMU98_00005|SMU99_05222|SmuNN2025_0272|SRA_08941|SSA_0700,|P|R||COG1055P|COG1266R||Na+/H+_antiporter_NhaD_and_related_arsenite_permeases|Predicted_metal-dependent_membrane_protease,|CAAX_amino_protease|CAAX_amino_terminal_protease_family_protein,||,||
1909,1,0,SMU108_00522|SMU109_01449|SMU26_03075|SMU36_04426|SMU41_06487|SMU44_07617|SMU61_05060|SMU62_00955|SMU66_02847|SMU69_05592|SMU70_06721|SMU72_04565|SMU77_00825|SMU78_01675|SMU81_02352|SMU82_07456|SMU86_01205|SMU88_05277|SMU89_07596|SMU9_01952|SMU92_06567|SMU94_05496|SMU95_03311|SMU98_00939,||,|,||,||
1912,1,0,GALLO_0217|SMU102_04128|SMU104_01475|SMU108_01062|SMU109_02788|SMU29_06369|SMU33_05873|SMU40_03750|SMU44_08879|SMU53_05156|SMU56_03789|SMU58_01359|SMU60_02109|SMU72_03938|SMU74_01086|SMU75_00420|SMU80_01017|SMU83_05992|SMU86_00315|SMU88_02045|SMU93_07407|SMU97_00025|SRA_05356|SUB0566,E|COG0346E|Lactoylglutathione_lyase_and_related_lyases,|Glyoxalase/bleomycin_resistance_protein/dioxygenase|glyoxalase/bleomycin_resistance_protein/dioxygenase_superfamily_protein|glyoxylase_family_protein,||,||
1914,1,0,SGO_0264|SMU103_05001|SMU104_00885|SMU109_00160|SMU20_06371|SMU22_08587|SMU29_09109|SMU3_05650|SMU36_05505|SMU36_07856|SMU50_08346|SMU63_04396|SMU66_08161|SMU70_03510|SMU74_09210|SMU75_09417|SMU81_08947|SMU89_07409|SMU9_08592|SMU93_09213|SMU98_00834|SMU99_08235|SSA_0358,|K||COG2101K||TATA-box_binding_protein_(TBP)__component_of_TFIID_and_TFIIIB,|,||,||
1915,1,0,SGO_0265|SMU103_04996|SMU104_00880|SMU109_00155|SMU20_06376|SMU22_08582|SMU29_09104|SMU3_05655|SMU36_05500|SMU36_07861|SMU50_08351|SMU63_04391|SMU66_08166|SMU70_03515|SMU74_09215|SMU75_09422|SMU81_08942|SMU89_07414|SMU9_08597|SMU93_09208|SMU98_00829|SMU99_08230|SSA_0359,|K||COG0583K||Transcriptional_regulator,|nac|LysR_family_transcriptional_regulator,||,||
1919,1,0,SMU108_00547|SMU109_01479|SMU26_03100|SMU36_04401|SMU41_06512|SMU44_07587|SMU61_05085|SMU62_00980|SMU69_05617|SMU70_06691|SMU72_04590|SMU77_00795|SMU78_01700|SMU82_07481|SMU86_01180|SMU88_05242|SMU88_05247|SMU89_07571|SMU9_01922|SMU92_06537|SMU94_05471|SMU95_03281|SmuNN2025_1287,||,|,||,||
1947,1,0,SMU103_07755|SMU104_00360|SMU105_03732|SMU109_08672|SMU21_00105|SMU29_06004|SMU36_03234|SMU57_07763|SMU66_07429|SMU68_07513|SMU72_01185|SMU78_04598|SMU81_05059|SMU82_07856|SMU85_02596|SMU86_02995|SMU89_05221|SMU92_02339|SMU93_06508|SMU98_07486,||,|,||,||
1948,1,0,SMU103_07750|SMU104_00355|SMU105_03737|SMU109_08677|SMU21_00100|SMU29_06009|SMU36_03239|SMU57_07758|SMU66_07424|SMU68_07508|SMU72_01180|SMU78_04603|SMU81_05064|SMU82_07851|SMU85_02591|SMU86_03000|SMU89_05226|SMU92_02344|SMU93_06513|SMU98_07491,O|COG0443O|Molecular_chaperone,|,||,||
1950,1,0,GALLO_0297|SAG1250|SDEG_1335|SEQ_1250|SMU107_00787|SMU109_03800|SMU21_07835|SMU26_02640|SMU33_08102|SMU66_08251|SMU76_07138|SMU77_04505|SMU86_06218|SP_1056|SPy_1080|SSUSC84_0819|SUB0790A|SZO_07600|SZO_12770|SZO_17561,|U|Z||COG3843U|COG5022Z||Myosin_heavy_chain|Type_IV_secretory_pathway__VirD2_components_(relaxase),|srtI|conjugative_transposon_mobilization_protein|protein_involved_in_lantibiotic_(srt)_production|putative_mobilization_protein|putative_relaxase|relaxase|relaxase/mobilisation_protein|Tn5252__relaxase,||,||
1964,1,0,SMU103_03470|SMU109_08577|SMU22_02604|SMU3_08898|SMU36_03429|SMU50_08946|SMU57_05119|SMU61_00035|SMU66_06099|SMU68_03347|SMU69_05050|SMU77_00395|SMU78_07243|SMU86_06606|SMU88_08110|SMU89_05552|SMU92_04036|SMU95_09129|SMU98_00609,||,|,||,||
1967,1,0,GALLO_1420|SDEG_1569|SMU102_00070|SMU108_05679|SMU109_09119|SMU26_02028|SMU44_07847|SMU66_03382|SMU68_03582|SMU70_08583|SMU80_00090|SMU81_04467|SMU85_03745|SMU86_05973|SMU88_05767|SMU9_03154|SMU97_02999|SMU98_00020|SUB1350,V|COG0534V|Na+-driven_multidrug_efflux_pump,|norM2|cation_efflux_pump_(multidrug_resistance_protein)|MATE_family_efflux_protein|MOP/MATE_family_multidrug-resistance_efflux_pumpNorM|putative_drug/sodium_antiporter|putative_MATE_family_multidrug_efflux_pumps,||,||
1968,1,0,SMU10_02976|SMU104_00695|SMU109_01519|SMU33_04748|SMU44_07547|SMU53_04621|SMU56_04611|SMU57_02683|SMU60_08585|SMU61_05125|SMU74_01968|SMU75_05984|SMU76_01478|SMU85_07854|SMU86_01140|SMU88_05202|SMU9_01882|SMU92_06497|SMU94_05431,||,|,||,||
1982,1,0,SEQ_2183|SMU103_05571|SMU109_05159|SMU21_03708|SMU22_07178|SMU36_04271|SMU40_00556|SMU66_01759|SMU70_01445|SMU77_00335|SMU81_02047|SMU86_05696|SMU88_08310|SMU89_00335|SMU9_02092|SMU94_04291|SMU98_03927|SZO_18930,||,|avirulence_D_protein-like_protein|AvrD_family_macrolide_biosynthetic_protein,||,||
1983,1,0,SEQ_2182|SMU103_02406|SMU109_07281|SMU21_09403|SMU22_06302|SMU36_08637|SMU40_09433|SMU66_06359|SMU70_08793|SMU77_09412|SMU81_09492|SMU86_09530|SMU88_09130|SMU89_07531|SMU9_08999|SMU94_03866|SMU98_05027|SZO_18920,KT|COG2197TK|Response_regulator_containing_a_CheY-like_receiver_domain_and_an_HTH_DNA-binding_domain,|response_regulator|response_regulator_protein|Two-component_system_response_regulator,||,||
1984,1,0,SEQ_2181|SMU103_02411|SMU109_07286|SMU21_09408|SMU22_06297|SMU36_08632|SMU40_09428|SMU66_06354|SMU70_08798|SMU77_09407|SMU81_09487|SMU86_09525|SMU88_09125|SMU89_07536|SMU9_08994|SMU94_03871|SMU98_05032|SZO_18910,M|O|T|COG0265O|COG0750M|COG4585T|Predicted_membrane-associated_Zn-dependent_proteases_1|Signal_transduction_histidine_kinase|Trypsin-like_serine_proteases__typically_periplasmic__contain_C-terminal_PDZ_domain,|sensor_kinase|Two-component_system_sensor_histidine_kinase,||,||
1986,1,0,SAG0222|SAG1299|SDEG_0284|smi_0786|SMU109_00657|SMU21_07945|SMU50_02951|SMU58_09573|SMU60_06062|SMU66_08361|SMU76_06516|SMU77_09322|SMU83_08143|SP_1350|SPy_1075|SSUSC84_0889|SUB0789|SZO_18000,|S||COG2512S||Uncharacterized_membrane-associated_protein/domain,|replication_initiation_factor|replication_initiator_A_protein|replication_initiator_protein|replication_initiator_protein_A_(RepA)_N-terminus|replication_initiator_protein_A_protein,||,||
2000,1,0,smi_1611|SMU105_07982|SMU108_00370|SMU109_06106|SMU109_06111|SMU26_01556|SMU29_02106|SMU33_07852|SMU50_01391|SMU62_07143|SMU72_05500|SMU74_02483|SMU82_06869|SMU85_00234|SMU86_09670|SMU86_09675|SMU93_04242,||,|,||,||
2014,1,0,SMU103_05566|SMU109_05164|SMU21_03703|SMU22_07173|SMU36_04276|SMU40_00551|SMU66_01764|SMU70_01440|SMU77_00330|SMU81_02042|SMU86_05691|SMU88_08315|SMU89_00340|SMU9_02087|SMU94_04296|SMU98_03932,H|COG2091H|Phosphopantetheinyl_transferase,|4'-phosphopantetheinyl_transferase,||,||
2016,1,0,SMU103_05541|SMU109_05189|SMU21_03678|SMU22_07148|SMU36_04301|SMU40_00526|SMU66_01789|SMU70_01415|SMU77_00305|SMU81_02017|SMU86_05666|SMU88_08340|SMU89_00365|SMU9_02062|SMU94_04321|SMU98_03957,V|COG1131V|ABC-type_multidrug_transport_system__ATPase_component,|ABC_transporter_ATP-binding_protein,||,||
2017,1,0,SMU103_05546|SMU109_05184|SMU21_03683|SMU22_07153|SMU36_04296|SMU40_00531|SMU66_01784|SMU70_01420|SMU77_00310|SMU81_02022|SMU86_05671|SMU88_08335|SMU89_00360|SMU9_02067|SMU94_04316|SMU98_03952,||,|ABC_transporter_permease,||,||
2018,1,0,SMU103_05551|SMU109_05179|SMU21_03688|SMU22_07158|SMU36_04291|SMU40_00536|SMU66_01779|SMU70_01425|SMU77_00315|SMU81_02027|SMU86_05676|SMU88_08330|SMU89_00355|SMU9_02072|SMU94_04311|SMU98_03947,||,|,||,||
2021,1,0,SMU103_02401|SMU109_07276|SMU21_09398|SMU22_06307|SMU36_08642|SMU40_09438|SMU66_06364|SMU70_08788|SMU77_09417|SMU81_09497|SMU86_09535|SMU88_09135|SMU89_07526|SMU9_09004|SMU94_03861|SMU98_05022,Q|COG1020Q|Non-ribosomal_peptide_synthetase_modules_and_related_proteins,|non-ribosomal_peptide_sythetase,||,||
2024,1,0,SMU102_00065|SMU108_05674|SMU109_09109|SMU26_02023|SMU44_07842|SMU66_03377|SMU68_03587|SMU70_08588|SMU80_00085|SMU81_04462|SMU85_03740|SMU86_05983|SMU88_05777|SMU9_03149|SMU97_02994|SMU98_00015,||,|,||,||
2025,1,0,SDEG_0677|SMU10_04528|SMU101_09457|SMU107_07483|SMU108_09362|SMU109_09478|SMU22_08368|SMU54_09211|SMU58_08298|SMU60_00270|SMU62_05312|SMU63_09330|SMU76_09803|SMU77_09262|SMU78_07438|SMU92_06060,G|COG3684G|Tagatose-1_6-bisphosphate_aldolase,|lacD.1|tagatose_1_6-aldolase|tagatose_1_6-diphosphate_aldolase|tagatose1_6-diphosphatealdolase,||,||
2026,1,0,SMU109_01272|SMU29_04339|SMU29_04344|SMU41_06147|SMU52_05644|SMU69_08064|SMU70_07061|SMU72_09823|SMU77_08061|SMU78_01545|SMU86_06861|SMU9_07227|SMU92_09365|SMU93_05094|SMU93_05099|SmuNN2025_0796,V|COG1002V|Type_II_restriction_enzyme__methylase_subunits,|putative_type_IIS_restriction/modification_enzyme,||,||
2031,1,0,SMU103_09337|SMU109_09947|SMU21_09775|SMU22_09277|SMU36_08133|SMU40_09205|SMU66_09612|SMU70_09197|SMU77_00915|SMU81_09462|SMU86_10337|SMU88_09602|SMU89_02647|SMU9_08652|SMU94_09466|SMU98_06162,Q|COG1020Q|Non-ribosomal_peptide_synthetase_modules_and_related_proteins,|non-ribosomal_peptide_sythetase,||,||
2032,1,0,SMU103_09582|SMU109_10002|SMU21_09869|SMU22_09667|SMU40_09703|SMU66_05919|SMU70_08948|SMU77_10115|SMU80_10632|SMU81_09679|SMU86_10397|SMU88_09761|SMU89_09944|SMU9_09341|SMU94_07965|SMU98_09807,Q|COG1020Q|Non-ribosomal_peptide_synthetase_modules_and_related_proteins,|non-ribosomal_peptide_sythetase,||,||
2037,1,0,SMU101_00180|SMU109_05054|SMU21_07365|SMU3_03871|SMU52_04924|SMU58_04649|SMU60_06986|SMU66_07614|SMU78_01255|SMU80_05653|SMU83_01279|SMU89_06559|SMU93_04262|SMU97_04478|SMU99_02290,||,|,||,||
2039,1,0,SMU109_09982|SMU20_08435|SMU29_09618|SMU44_03392|SMU50_03988|SMU53_08161|SMU54_09146|SMU56_04176|SMU63_05226|SMU75_06434|SMU86_08170|SMU88_09462|SMU93_09373|SMU98_09792|SRA_01167,||,|,||,||
2041,1,0,SMU109_05749|SMU33_01723|SMU40_04904|SMU44_02151|SMU50_04648|SMU53_05956|SMU57_01867|SMU66_04844|SMU70_04189|SMU72_01015|SMU80_03160|SMU88_08545|SMU97_07057|SMU98_03635|SMU99_04832,||,|,||,||
2045,1,0,smi_1251|SMU109_01287|SMU29_04354|SMU41_06132|SMU52_05634|SMU69_08079|SMU70_07046|SMU72_00840|SMU77_06484|SMU78_01560|SMU86_06876|SMU9_07242|SMU92_09380|SMU93_05084|SmuNN2025_0799,KL|COG0553KL|Superfamily_II_DNA/RNA_helicases__SNF2_family,|helicase|Superfamily_II_DNA/RNA_helicases,||,||
2046,1,0,SAG0273|SDEG_1742|SEQ_1820|SGO_0632|smi_2035|SMU109_09672|SMU86_09942|SMU88_09527|SP_2186|SPy_1684|SRA_01177|SSA_1826|SSUSC84_0641|SUB1433|SZO_03690,C|COG0554C|Glycerol_kinase,glpK|glycerol_kinase,||,K00864|00561_01100|glycerol_kinase_[EC:2.7.1.30]
2048,1,0,SMU10_09498|SMU101_03209|SMU107_09848|SMU108_08782|SMU109_02723|SMU22_00485|SMU54_09398|SMU58_08770|SMU60_09549|SMU62_09273|SMU63_09512|SMU76_08835|SMU77_00025|SMU78_09560|SMU92_09857,G|COG3684G|Tagatose-1_6-bisphosphate_aldolase,|tagatose_1_6-diphosphate_aldolase,||,||
2063,1,0,SMU105_07972|SMU108_00360|SMU109_09957|SMU29_02116|SMU33_07832|SMU33_07837|SMU50_01381|SMU62_07153|SMU72_05515|SMU72_05520|SMU74_02468|SMU77_02142|SMU82_06879|SMU86_07850|SMU93_04232,||,|,||,||
2075,1,0,SMU109_06116|SMU33_09547|SMU41_08264|SMU57_03043|SMU58_09613|SMU60_09347|SMU70_04896|SMU75_09105|SMU82_05547|SMU86_03921|SMU88_06002|SMU95_00950|SMU97_09219|SMU99_08630,||,|,||,||
2078,1,0,SMU109_01282|SMU29_04349|SMU41_06137|SMU52_05639|SMU69_08074|SMU70_07051|SMU72_00835|SMU77_06489|SMU78_01555|SMU86_06871|SMU9_07237|SMU92_09375|SMU93_05089|SmuNN2025_0798,L|COG1961L|Site-specific_recombinases__DNA_invertase_Pin_homologs,mpi|multiple_promoter_invertase,||,||
2084,1,0,GALLO_0294|SAG1276|SMU101_00050|SMU107_00807|SMU109_03785|SMU21_07850|SMU26_02655|SMU66_08266|SMU76_07158|SMU80_04823|SMU86_08385|SRA_06646|SSUSC84_0846|SZO_17660,|L||COG0358L||DNA_primase_(bacterial_type),|conserved_hypothetical_protein__transposon_associated|DNA_primase,||,||
2086,1,0,SMU105_07977|SMU108_00365|SMU109_09962|SMU26_01561|SMU29_02111|SMU33_07842|SMU50_01386|SMU62_07148|SMU72_05510|SMU74_02473|SMU77_02137|SMU82_06874|SMU86_07855|SMU93_04237,|L||COG3344L||Retron-type_reverse_transcriptase,|reverse_transcriptase,||,||
2097,1,0,GALLO_0279|SAG1287|SEQ_0742|SEQ_1263|SMU107_00847|SMU109_03745|SMU21_07890|SMU26_02695|SMU66_08306|SMU76_06461|SSUSC84_0877|SZO_12860|SZO_17860,|U||COG3451U||Type_IV_secretory_pathway__VirB4_components,|conjugal_transfer_protein|conserved_hypothetical_protein__transposon_related|Tn5252__Orf26,||,||
2103,1,0,SAG1247|smi_1341|SMU109_00532|SMU26_04002|SMU44_04140|SMU69_06899|SMU77_01147|SMU99_03039|SmuNN2025_1060|SSUSC84_0767|SSUSC84_0807|SUB0787|SUB0805,L|COG0582L|COG4974L|Integrase|Site-specific_recombinase_XerD,|integrase|phage_integrase_family_site_specific_recombinase|putative_integrase|site-specific_recombinase__phage_integrase_family|tyrosine_family_site-specific_integrase,||,||
2104,1,0,SMU105_07987|SMU108_00375|SMU109_06091|SMU41_09254|SMU50_01396|SMU61_07650|SMU69_01362|SMU72_05495|SMU86_09660|SMU88_05497|SMU95_03861|SmuNN2025_0534|stu0709,|R||COG4928R||Predicted_P-loop_ATPase,|putative_P-loop_ATPase,Protein_synthesis|Ribosomal_proteins:_synthesis_and_modification|KAP_family_P-loop_domain_protein,||
2106,1,0,SMU109_08632|SMU53_04366|SMU57_07803|SMU62_06464|SMU70_00110|SMU72_01220|SMU77_05940|SMU78_04563|SMU80_02365|SMU82_07891|SMU92_02304|SMU94_01065|SMU97_06537,|L||COG3677L||Transposase_and_inactivated_derivatives,|insertion_element_protein|transposase,||,||
2107,1,0,SMU109_08647|SMU53_04386|SMU57_07788|SMU62_06474|SMU70_00095|SMU72_01210|SMU77_05930|SMU78_04573|SMU80_02380|SMU82_07881|SMU92_02314|SMU94_01055|SMU97_06522,||,|,||,||
2115,1,0,GALLO_0289|SDEG_1338|SDEG_1346|SEQ_0733|SMU107_00817|SMU109_03775|SMU21_07860|SMU26_02665|SMU66_08276|SMU76_07168|SSUSC84_0881|SZO_12940|SZO_17920,|U||COG3505U||Type_IV_secretory_pathway__VirD4_components,|putative_conjugal_transfer_protein_TraG|Putative_TraG_protein,||,K03205|03070|type_IV_secretion_system_protein_VirD4
2163,1,0,SMU101_09589|SMU109_10007|SMU36_07611|SMU56_01397|SMU72_09726|SMU74_09380|SMU76_09538|SMU77_10066|SMU82_09530|SMU89_09251|SMU9_09247|SMU99_09392,||,|,||,||
2196,1,0,SAG0676|SEQ_1588|SMU107_04930|SMU109_09214|SMU76_03185|SMU81_03555|SMU86_08455|SMU94_05701|SMU98_08415|SP_1954|SZO_05550,O|COG1404O|Subtilisin-like_serine_proteases,|lantibiotic_leader_peptide_processing_serine_protease|peptidase__S8A_family_protein|proteinase__putative|serine_protease_subtilase_family_protein,||,||
2197,1,0,SMU109_01277|SMU41_06142|SMU69_08069|SMU70_07056|SMU72_09371|SMU72_09376|SMU77_06494|SMU78_01550|SMU86_06866|SMU9_07232|SMU92_09370,V|COG1002V|Type_II_restriction_enzyme__methylase_subunits,|putative_type_IIS_restriction/modification_enzyme,||,||
2205,1,0,GALLO_0300|SAG1237|SDEG_1258|SMU101_00160|SMU107_00757|SMU109_03830|SMU21_02911|SMU66_01954|SMU76_07108|SMU80_06843|SMU86_08275,||,|DDE_transposase,||,||
2224,1,0,SMU109_09992|SMU57_09530|SMU70_02441|SMU77_09997|SMU81_09648|SMU86_10307|SMU88_09666|SMU9_08050|SMU94_09561|SMU98_09872|SRA_07411,||,|,||,||
2225,1,0,SMU107_07356|SMU109_01873|SMU50_05993|SMU57_02037|SMU62_09393|SMU68_08098|SMU72_06338|SMU77_01115|SMU80_03330|SMU82_07279|SMU97_05929,||,|,||,||
2253,1,0,SMU103_05006|SMU109_00165|SMU22_08592|SMU36_05510|SMU50_08341|SMU66_08156|SMU74_09205|SMU81_08952|SMU9_08587|SMU98_00839,||,|,||,||
2254,1,0,SGO_1487|SGO_1650|SMU109_07971|SMU77_06742|SMU81_06633|SMU86_07865|SRA_09001|SSA_1663|SSUSC84_1907|stu0567,|M||COG4932M||Predicted_outer_membrane_protein,|cpbA|collagen-binding_protein_A|LPXTG_cell_wall_surface_protein|putative_accessory_pilus_subunit|putative_collagen-binding_protein,||conserved_hypothetical_protein,||
2255,1,0,SMU102_05084|SMU109_08265|SMU26_06258|SMU70_00190|SMU77_06030|SMU80_02280|SMU81_04959|SMU88_00835|SMU97_06617|SMU98_07381,||,|,||,||
2265,1,0,GALLO_0284|SAG1277|SMU107_00837|SMU109_03755|SMU21_07880|SMU26_02685|SMU66_08296|SMU76_06451|SSUSC84_0847|SZO_17680,||,|,||,||
2275,1,0,SMU109_09997|SMU57_09535|SMU70_02436|SMU77_10002|SMU81_09643|SMU86_10302|SMU88_09671|SMU9_08055|SMU94_09566|SMU98_09877,||,|,||,||
2307,1,0,SMU107_04960|SMU109_05134|SMU33_05980|SMU77_00110|SMU81_03585|SMU86_08485|SMU9_06132|SMU94_05671|SMU98_08445,V|COG0577V|ABC-type_antimicrobial_peptide_transport_system__permease_component,|peptide_ABC_transporter_permease,||,||
2314,1,0,SMU109_07146|SMU36_01679|SMU40_04702|SMU54_08881|SMU74_00597|SMU89_09456|SMU9_08532|SMU94_08827|SMU98_06022,||,|,||,||
2315,1,0,GALLO_2179|SEQ_0935|SMU109_07961|SMU77_06752|SMU81_06623|SMU86_10291|SMU88_03787|SRA_08991|SZO_11510,|M||COG4932M||Predicted_outer_membrane_protein,|collagen_adhesin_precursor|collagen_binding__ancillary_pilus_subunit_Cne|putative_collagen-binding_protein_Cne_precursor_((FPXTG_motif_protein),||,||
2316,1,0,SMU105_09173|SMU109_08887|SMU33_02979|SMU56_06607|SMU77_08636|SMU86_07508|SMU88_08765|SMU9_00750|SSA_1820,||,|,||,||
2317,1,0,SDEG_0295|SMU107_04920|SMU109_09204|SMU76_03175|SMU81_03545|SMU86_08445|SMU94_05711|SMU98_08405|stu0099,|V||COG4403V||Lantibiotic_modifying_enzyme,|labC|lantibiotic_biosynthesis_protein|lantibiotic_epidermin_biosynthesis_protein_EpiC|truncated_lantibiotic_biosynthesis_protein,||MutC__putative,||
2318,1,0,SMU103_07695|SMU109_09788|SMU21_00040|SMU22_06327|SMU44_09239|SMU53_04466|SMU66_07374|SMU77_05845|SMU94_00960,||,|,||,||
2333,1,0,SEQ_1275|SMU101_00145|SMU107_00772|SMU109_03815|SMU21_02901|SMU66_01944|SMU76_07123|SMU80_06823|SMU86_08290,D|COG1192D|ATPases_involved_in_chromosome_partitioning,|putative_plasmid_partition_protein|sporulation_initiation_inhibitor_Soj_homolog,||,K03496||chromosome_partitioning_protein
2353,1,0,SMU107_04965|SMU109_05129|SMU33_05975|SMU77_00105|SMU81_03590|SMU86_08490|SMU9_06137|SMU94_05666|SMU98_08450,EGPR|COG0477GEPR|Permeases_of_the_major_facilitator_superfamily,|,||,||
2357,1,0,SMU44_07592|SMU70_06696|SMU77_00800|SMU88_05252|SMU9_01927|SMU92_06542|SMU94_05476|SMU95_03286|SmuNN2025_1286,||,|putative_RNA_helicase,||,||
2407,1,0,GALLO_2012|SMU109_04364|SMU77_04735|SMU81_04417|SMU86_04661|SMU88_06437|SMU98_03460|SP_1183,||,|,||,||
2412,1,0,SMU107_04915|SMU109_09199|SMU76_03170|SMU81_03540|SMU86_08440|SMU94_05716|SMU98_08400|stu0098,||,|labB|lantibiotic_biosynthesis_protein,Cellular_processes|Toxin_production_and_resistance|epidermin_biosynthesis_protein_EpiB__putative,||
2413,1,0,SMU107_04925|SMU109_09209|SMU76_03180|SMU81_03550|SMU86_08450|SMU94_05706|SMU98_08410|SP_0165,H|COG0452H|Phosphopantothenoylcysteine_synthetase/decarboxylase,|flavoprotein|lantibiotic_biosynthesis_protein__flavoprotein,||,||
2414,1,0,SMU103_07705|SMU109_09793|SMU21_00050|SMU22_06337|SMU44_09234|SMU53_04461|SMU66_07379|SMU94_00965,||,|,||,||
2422,1,0,SMU101_07764|SMU107_00907|SMU109_03685|SMU21_07935|SMU26_02755|SMU66_08351|SMU76_06511|SMU86_05596,L|COG0338L|Site-specific_DNA_methylase,|putative_methyltransferase,||,||
2429,1,0,SMU103_00580|SMU109_09977|SMU22_01742|SMU81_07855|SMU86_08165|SMU88_09467|SMU9_06637|SMU98_09787,||,|,||,||
2455,1,0,SMU41_05810|SMU61_00890|SMU69_00469|SMU72_04133|SMU78_02340|SMU92_00335|SMU95_07089|SmuNN2025_0896,V|COG1131V|ABC-type_multidrug_transport_system__ATPase_component,|putative_ABC_transporter_ATP-binding_protein,||,||
2456,1,0,SMU41_06422|SMU61_04995|SMU69_05527|SMU78_01610|SMU82_07391|SMU92_06632|SMU95_03376|SmuNN2025_1270,||,|,||,||
2457,1,0,SMU109_09987|SMU57_09525|SMU77_09992|SMU81_09653|SMU88_09661|SMU9_08045|SMU94_09556|SMU98_09867,||,|,||,||
2458,1,0,SMU107_04905|SMU109_10046|SMU76_03160|SMU81_09768|SMU86_10446|SMU9_09089|SMU94_09356|SMU98_09530,|C||COG1012C||NAD-dependent_aldehyde_dehydrogenases,|,||,||
2507,1,0,SAG0046|SMU109_09818|SMU3_05960|SMU61_02002|SMU63_06440|SMU75_05814|SMU99_02820,||,|,||,||
2511,1,0,GALLO_0577|SMU109_07966|SMU77_06747|SMU81_06628|SMU86_07860|SRA_08996|SSA_0227,M|COG4932M|Predicted_outer_membrane_protein,|collagen-binding_surface_protein__putative|putative_collagen-binding_protein__peptidoglycan_linked_protein_(LPXTG_motif),||,||
2512,1,0,SAG1248|SMU109_00537|SMU69_06904|SmuNN2025_1061|SSUSC84_0808|SUB0786|SUB0804,||,|,||,||
2513,1,0,SMU107_04910|SMU109_09194|SMU76_03165|SMU81_03535|SMU86_08435|SMU94_05721|SMU98_08395,||,|,||,||
2514,1,0,SMU107_04935|SMU109_09219|SMU76_03190|SMU81_03560|SMU86_08460|SMU94_05696|SMU98_08420,V|COG1132V|ABC-type_multidrug_transport_system__ATPase_and_permease_components,|ABC_transporter__ATP-binding_and_permease_protein,||,||
2518,1,0,GALLO_0296|SMU107_00792|SMU109_03795|SMU21_07840|SMU26_02645|SMU66_08256|SMU76_07143,||,|putative_mobilisation_protein,||,||
2519,1,0,GALLO_0295|SMU107_00802|SMU109_03790|SMU21_07845|SMU26_02650|SMU66_08261|SMU76_07153,||,|Hypothetical_protein__transposon_associated,||,||
2520,1,0,GALLO_0288|SMU107_00822|SMU109_03770|SMU21_07865|SMU26_02670|SMU66_08281|SMU76_07173,||,|putative_conjugative_transposon_protein,||,||
2521,1,0,GALLO_0287|SMU107_00827|SMU109_03765|SMU21_07870|SMU26_02675|SMU66_08286|SMU76_06441,||,|,||,||
2522,1,0,GALLO_0286|SMU107_00832|SMU109_03760|SMU21_07875|SMU26_02680|SMU66_08291|SMU76_06446,||,|,||,||
2523,1,0,GALLO_0278|SMU107_00852|SMU109_03740|SMU21_07895|SMU26_02700|SMU66_08311|SMU76_06466,|V||COG0841V||Cation/multidrug_efflux_pump,|,||,||
2524,1,0,GALLO_0275|SMU107_00857|SMU109_03735|SMU21_07900|SMU26_02705|SMU66_08316|SMU76_06471,||,|conserved_hypothetical_protein__transposon_related,||,||
2525,1,0,GALLO_0274|SMU107_00862|SMU109_03730|SMU21_07905|SMU26_02710|SMU66_08321|SMU76_06476,||,|,||,||
2526,1,0,GALLO_0269|SMU107_00877|SMU109_03715|SMU21_07920|SMU26_02725|SMU66_08336|SMU76_06491,||,|,||,||
2645,1,0,SMU109_08642|SMU53_04381|SMU57_07793|SMU70_00100|SMU80_02375|SMU97_06527,V|COG0286V|Type_I_restriction-modification_system_methyltransferase_subunit,|,||,||
2646,1,0,SAG1300|SMU109_00662|SP_1351|SSUSC84_0890|SUB0788|SZO_18010,||,|,||,||
2647,1,0,SMU105_09163|SMU109_08897|SMU66_08973|SMU83_00622|SMU86_07498|SMU9_00740,||,|,||,||
2655,1,0,SAG1239|SMU107_00762|SMU109_03825|SMU21_02906|SMU66_01949|SMU76_07113,||,|,||,||
2667,1,0,SMU107_00812|SMU109_03780|SMU21_07855|SMU26_02660|SMU66_08271|SMU76_07163,||,|,||,||
2668,1,0,SMU107_00867|SMU109_03725|SMU21_07910|SMU26_02715|SMU66_08326|SMU76_06481,||,|,||,||
2669,1,0,SMU107_00872|SMU109_03720|SMU21_07915|SMU26_02720|SMU66_08331|SMU76_06486,||,|,||,||
2670,1,0,SMU107_00882|SMU109_03710|SMU21_07925|SMU26_02730|SMU66_08341|SMU76_06496,||,|,||,||
2671,1,0,GALLO_0261|SGO_0363|SMU107_00892|SMU109_03700|SMU26_02740|SZO_07580,||,|gp49_bacteriophage-like_protein|putative_replication_initiation_protein_Rep,||,||
2681,1,0,smi_1279|SMU107_00782|SMU109_03805|SMU26_02635|SMU76_07133|SZO_08550,L|COG1961L|Site-specific_recombinases__DNA_invertase_Pin_homologs,|putative_resolvase|resolvase|site-specific_recombinase,||,||
2731,1,0,SMU109_04359|SMU77_04730|SMU81_04422|SMU86_04666|SMU88_06442|SMU98_03465,M|COG0463M|Glycosyltransferases_involved_in_cell_wall_biogenesis,|glycosyl_transferase__group_2_family_protein,||,||
2732,1,0,SMU109_04369|SMU77_04740|SMU81_04412|SMU86_04656|SMU88_06432|SMU98_03455,||,|,||,||
2824,1,0,SAG1249|SMU109_00542|SPy_1088|SSUSC84_0809|SUB0803,K|COG1396K|COG1476K|Predicted_transcriptional_regulators,|Cro/CI_family_transcriptional_regulator|DNA_binding_protein|DNA-binding_protein|putative_repressor_protein_-_phage_associated|transcriptional_regulator__Cro/CI_family,||,||
2825,1,0,GALLO_0913|SAG0426|SMU109_00622|SRA_04801|SUB1074,S|COG1917S|Uncharacterized_conserved_protein__contains_double-stranded_beta-helix_domain,|,||,||
2826,1,0,GALLO_0698|GALLO_1738|SMU104_07820|SMU109_00632|SMU54_06623,R|COG0656R|Aldo/keto_reductases__related_to_diketogulonate_reductase,|2_5-diketo-D-gluconic_acid_reductase|putative_oxidoreductase|putative_oxidoreductase__aldo/keto_reductase_family,||,||
2838,1,0,SMU107_00777|SMU109_03810|SMU21_09977|SMU66_08246|SMU76_07128,||,|,||,||
2902,1,0,SMU103_07490|SMU109_02133|SMU66_01754|SMU86_04426|SMU98_01938,R|COG4123R|Predicted_O-methyltransferase,|,||,||
2919,1,0,SMU109_02468|SMU77_04240|SMU86_00765|SMU88_04352|SMU97_01389,C|COG1053C|Succinate_dehydrogenase/fumarate_reductase__flavoprotein_subunit,|fumarate_reductase__flavoprotein_subunit_precursor__N-terminally_truncated,||,||
2920,1,0,SMU109_02473|SMU77_04245|SMU86_00770|SMU88_04347|SMU97_01384,K|COG1309K|Transcriptional_regulator,|,||,||
3071,1,0,SMU107_05040|SMU109_06336|SMU68_07198|SMU82_09447,||,|,||,||
3100,1,0,SMU107_00887|SMU109_03705|SMU26_02735|SMU76_06501,||,|,||,||
3400,1,0,GALLO_1309|SMU109_00587|SRA_06936,C|COG0716C|Flavodoxins,|,||,||
3401,1,0,GALLO_0889|SMU109_00602|SRA_04796,R|COG1073R|Hydrolases_of_the_alpha/beta_superfamily,|alpha/beta_fold_family_hydrolase,||,K06889||
3402,1,0,SMU109_09139|SMU81_04482|SMU86_05953,||,|,||,||
3403,1,0,SMU109_09657|SMU86_09957|SMU88_09542,||,|,||,||
3404,1,0,SMU109_09662|SMU86_09952|SMU88_09537,||,|,||,||
3405,1,0,SMU109_09667|SMU86_09947|SMU88_09532,||,|,||,||
3816,1,0,SMU107_00767|SMU109_03820|SMU76_07118,||,|,||,||
3817,1,0,SMU107_00897|SMU109_03695|SMU26_02745,||,|,||,||
3818,1,0,SMU107_00902|SMU109_03690|SMU26_02750,||,|,||,||
3819,1,0,SMU107_00912|SMU109_03680|SMU26_02760,||,|,||,||
3820,1,0,SMU107_00917|SMU109_03675|SMU26_02765,||,|,||,||
3821,1,0,SMU107_00922|SMU109_03670|SMU26_02770,||,|,||,||
3822,1,0,SmuNN2025_0535|SmuNN2025_0536,||,|,||,||
3892,1,0,GALLO_1373|SMU109_05339,||,|,||,||
3893,1,0,SMU109_06096|SMU86_09665,||,|,||,||
3894,1,0,SMU109_06431|SMU20_09047,||,|,||,||
3895,1,0,SMU109_06756|SMU83_09607,K|COG1609K|Transcriptional_regulators,|LacI_family_transcription_regulator,||,||
3897,1,0,GALLO_0909|SMU109_00562,GM|COG0451MG|COG0702MG|Nucleoside-diphosphate-sugar_epimerases|Predicted_nucleoside-diphosphate-sugar_epimerases,|putative_oxidoreductase|saccharopine_dehydrogenase_related_protein,||,||
3898,1,0,GALLO_0697|SMU109_00577,K|COG0583K|Transcriptional_regulator,|putative_transcription_regulator__LysR_family|transcriptional_regulator__LysR_family_protein,||,||
3899,1,0,SMU109_00592|SSA_0903,R|COG0655R|Multimeric_flavodoxin_WrbA,|NAD(P)H_dehydrogenase_(quinone)__putative,||,||
3900,1,0,GALLO_0699|SMU109_00597,R|COG0656R|Aldo/keto_reductases__related_to_diketogulonate_reductase,|putative_oxidoreductase__aldo/keto_reductase_family|putative_oxidoreductase__aldo/keto_reductase_family_protein,||,||
3979,1,0,SMU53_02195|SmuNN2025_1787,||,|,||,||
4780,1,0,SMU109_09886|SMU22_02414,||,|,||,||
4781,1,0,SMU109_10083|SMU86_10352,||,|,||,||
4798,1,0,SMU109_00100,||,|,||,||
4799,1,0,SMU109_07071,||,|,||,||
4800,1,0,SMU109_00547,||,|esterase/lipase-like_protein,||,||
4801,1,0,SMU109_00552,C|COG0716C|Flavodoxins,|putative_flavodoxin,||,||
4802,1,0,SMU109_00567,I|COG0657I|Esterase/lipase,|esterase/lipase-like_protein,||,||
4803,1,0,SMU109_00572,R|COG0656R|Aldo/keto_reductases__related_to_diketogulonate_reductase,|aldo/keto_reductase,||,||
4804,1,0,SMU109_00607,||,|,||,||
4805,1,0,SMU109_00612,P|COG2382P|Enterochelin_esterase_and_related_enzymes,|Carbohydrate-binding_family_9,||,||
4806,1,0,SMU109_00617,IQR|COG1028IQR|Dehydrogenases_with_different_specificities_(related_to_short-chain_alcohol_dehydrogenases),|FabG_protein,||,||
4807,1,0,SMU109_00637,R|COG0656R|Aldo/keto_reductases__related_to_diketogulonate_reductase,|aldo/keto_reductase,||,||
4808,1,0,SMU109_00642,||,|,||,||
4809,1,0,SMU109_00652,C|COG0022C|Pyruvate/2-oxoglutarate_dehydrogenase_complex__dehydrogenase_(E1)_component__eukaryotic_type__beta_subunit,|,||,||
4810,1,0,SMU109_08932,L|COG3649L|Uncharacterized_protein_predicted_to_be_involved_in_DNA_repair,|putative_cytoplasmic_protein,||,||
4969,1,0,SmuNN2025_0243,||,|,||,||
4970,1,0,SmuNN2025_0484,||,|,||,||
4971,1,0,SmuNN2025_0648,||,|,||,||
4972,1,0,SmuNN2025_0690,||,|,||,||
4981,1,0,SmuNN2025_0797,||,|,||,||
4982,1,0,SmuNN2025_0837,||,|,||,||
4983,1,0,SmuNN2025_1041,||,|,||,||
4986,1,0,SmuNN2025_1630,||,|,||,||
4987,1,0,SmuNN2025_1684,||,|,||,||
4988,1,0,SmuNN2025_1729,||,|,||,||
4989,1,0,SmuNN2025_1833,||,|,||,||
